This is pdfTeX, Version 3.14159265-2.6-1.40.17 (TeX Live 2016/Debian) (preloaded format=pdflatex 2022.5.31)  29 JUN 2022 12:07
entering extended mode
 \write18 enabled.
 file:line:error style messages enabled.
 %&-line parsing enabled.
**"/home/demuirgos/repos/report/report/National School of Engineers/main.tex"
(/home/demuirgos/repos/report/report/National School of Engineers/main.tex
LaTeX2e <2017/01/01> patch level 3
Babel <3.9r> and hyphenation patterns for 3 language(s) loaded.
(/home/demuirgos/repos/report/report/National School of Engineers/ensa-pfe-report.cls (/usr/share/texlive/texmf-dist/tex/latex/silence/silence.sty
Package: silence 2012/07/02 v1.5b Selective filtering of warnings and error messages
\sl@Save=\count79
\sl@StateNumber=\count80
\sl@MessageCount=\count81
\sl@Casualties=\count82
\sl@Filter=\toks14
\sl@Message=\toks15
\sl@UnexpandedMessage=\toks16
\sl@Mess@ge=\toks17
\sl@WarningCount=\count83
\sl@WarningNumber=\count84
\sl@WarningCasualties=\count85
\sl@TempBOW=\toks18
\sl@BankOfWarnings=\toks19
LaTeX Info: Redefining \GenericWarning on input line 433.
\sl@ErrorCount=\count86
\sl@ErrorNumber=\count87
\sl@ErrorCasualties=\count88
\sl@TempBOE=\toks20
\sl@BankOfErrors=\toks21
LaTeX Info: Redefining \GenericError on input line 601.
) (/usr/share/texlive/texmf-dist/tex/latex/base/report.cls
Document Class: report 2014/09/29 v1.4h Standard LaTeX document class
(/usr/share/texlive/texmf-dist/tex/latex/base/size12.clo
File: size12.clo 2014/09/29 v1.4h Standard LaTeX file (size option)
)
\c@part=\count89
\c@chapter=\count90
\c@section=\count91
\c@subsection=\count92
\c@subsubsection=\count93
\c@paragraph=\count94
\c@subparagraph=\count95
\c@figure=\count96
\c@table=\count97
\abovecaptionskip=\skip41
\belowcaptionskip=\skip42
\bibindent=\dimen102
) (/usr/share/texlive/texmf-dist/tex/latex/geometry/geometry.sty
Package: geometry 2010/09/12 v5.6 Page Geometry
 (/usr/share/texlive/texmf-dist/tex/latex/graphics/keyval.sty
Package: keyval 2014/10/28 v1.15 key=value parser (DPC)
\KV@toks@=\toks22
) (/usr/share/texlive/texmf-dist/tex/generic/oberdiek/ifpdf.sty
Package: ifpdf 2016/05/14 v3.1 Provides the ifpdf switch
) (/usr/share/texlive/texmf-dist/tex/generic/oberdiek/ifvtex.sty
Package: ifvtex 2016/05/16 v1.6 Detect VTeX and its facilities (HO)
Package ifvtex Info: VTeX not detected.
) (/usr/share/texlive/texmf-dist/tex/generic/ifxetex/ifxetex.sty
Package: ifxetex 2010/09/12 v0.6 Provides ifxetex conditional
)
\Gm@cnth=\count98
\Gm@cntv=\count99
\c@Gm@tempcnt=\count100
\Gm@bindingoffset=\dimen103
\Gm@wd@mp=\dimen104
\Gm@odd@mp=\dimen105
\Gm@even@mp=\dimen106
\Gm@layoutwidth=\dimen107
\Gm@layoutheight=\dimen108
\Gm@layouthoffset=\dimen109
\Gm@layoutvoffset=\dimen110
\Gm@dimlist=\toks23
) (/usr/share/texlive/texmf-dist/tex/latex/environ/environ.sty
Package: environ 2014/05/04 v0.3 A new way to define environments
 (/usr/share/texlive/texmf-dist/tex/latex/trimspaces/trimspaces.sty
Package: trimspaces 2009/09/17 v1.1 Trim spaces around a token list
)
\@envbody=\toks24
) (/usr/share/texlive/texmf-dist/tex/latex/xcolor/xcolor.sty
Package: xcolor 2016/05/11 v2.12 LaTeX color extensions (UK)
 (/usr/share/texlive/texmf-dist/tex/latex/graphics-cfg/color.cfg
File: color.cfg 2016/01/02 v1.6 sample color configuration
)
Package xcolor Info: Driver file: pdftex.def on input line 225.
 (/usr/share/texlive/texmf-dist/tex/latex/graphics-def/pdftex.def
File: pdftex.def 2017/01/12 v0.06k Graphics/color for pdfTeX
 (/usr/share/texlive/texmf-dist/tex/generic/oberdiek/infwarerr.sty
Package: infwarerr 2016/05/16 v1.4 Providing info/warning/error messages (HO)
) (/usr/share/texlive/texmf-dist/tex/generic/oberdiek/ltxcmds.sty
Package: ltxcmds 2016/05/16 v1.23 LaTeX kernel commands for general use (HO)
)
\Gread@gobject=\count101
) (/usr/share/texlive/texmf-dist/tex/latex/colortbl/colortbl.sty
Package: colortbl 2012/02/13 v1.0a Color table columns (DPC)
 (/usr/share/texlive/texmf-dist/tex/latex/tools/array.sty
Package: array 2016/10/06 v2.4d Tabular extension package (FMi)
\col@sep=\dimen111
\extrarowheight=\dimen112
\NC@list=\toks25
\extratabsurround=\skip43
\backup@length=\skip44
)
\everycr=\toks26
\minrowclearance=\skip45
)
\rownum=\count102
Package xcolor Info: Model `cmy' substituted by `cmy0' on input line 1348.
Package xcolor Info: Model `hsb' substituted by `rgb' on input line 1352.
Package xcolor Info: Model `RGB' extended on input line 1364.
Package xcolor Info: Model `HTML' substituted by `rgb' on input line 1366.
Package xcolor Info: Model `Hsb' substituted by `hsb' on input line 1367.
Package xcolor Info: Model `tHsb' substituted by `hsb' on input line 1368.
Package xcolor Info: Model `HSB' substituted by `hsb' on input line 1369.
Package xcolor Info: Model `Gray' substituted by `gray' on input line 1370.
Package xcolor Info: Model `wave' substituted by `hsb' on input line 1371.
) (/usr/share/texlive/texmf-dist/tex/latex/titlesec/titlesec.sty
Package: titlesec 2016/03/21 v2.10.2 Sectioning titles
\ttl@box=\box26
\beforetitleunit=\skip46
\aftertitleunit=\skip47
\ttl@plus=\dimen113
\ttl@minus=\dimen114
\ttl@toksa=\toks27
\titlewidth=\dimen115
\titlewidthlast=\dimen116
\titlewidthfirst=\dimen117
) (/usr/share/texlive/texmf-dist/tex/latex/chngcntr/chngcntr.sty
Package: chngcntr 2009/09/02 v1.0a change counter resetting
) (/usr/share/texlive/texmf-dist/tex/latex/fancyhdr/fancyhdr.sty
Package: fancyhdr 2016/09/06 3.8 Extensive control of page headers and footers
\fancy@headwidth=\skip48
\f@ncyO@elh=\skip49
\f@ncyO@erh=\skip50
\f@ncyO@olh=\skip51
\f@ncyO@orh=\skip52
\f@ncyO@elf=\skip53
\f@ncyO@erf=\skip54
\f@ncyO@olf=\skip55
\f@ncyO@orf=\skip56
) (/usr/share/texlive/texmf-dist/tex/latex/caption/caption.sty
Package: caption 2016/02/21 v3.3-144 Customizing captions (AR)
 (/usr/share/texlive/texmf-dist/tex/latex/caption/caption3.sty
Package: caption3 2016/05/22 v1.7-166 caption3 kernel (AR)
Package caption3 Info: TeX engine: e-TeX on input line 67.
\captionmargin=\dimen118
\captionmargin@=\dimen119
\captionwidth=\dimen120
\caption@tempdima=\dimen121
\caption@indent=\dimen122
\caption@parindent=\dimen123
\caption@hangindent=\dimen124
)
\c@ContinuedFloat=\count103
) (/usr/share/texlive/texmf-dist/tex/latex/caption/subcaption.sty
Package: subcaption 2016/05/22 v1.1-161 Sub-captions (AR)
\c@subfigure=\count104
\c@subtable=\count105
) (/usr/share/texlive/texmf-dist/tex/latex/hyperref/hyperref.sty
Package: hyperref 2016/06/24 v6.83q Hypertext links for LaTeX
 (/usr/share/texlive/texmf-dist/tex/generic/oberdiek/hobsub-hyperref.sty
Package: hobsub-hyperref 2016/05/16 v1.14 Bundle oberdiek, subset hyperref (HO)
 (/usr/share/texlive/texmf-dist/tex/generic/oberdiek/hobsub-generic.sty
Package: hobsub-generic 2016/05/16 v1.14 Bundle oberdiek, subset generic (HO)
Package: hobsub 2016/05/16 v1.14 Construct package bundles (HO)
Package hobsub Info: Skipping package `infwarerr' (already loaded).
Package hobsub Info: Skipping package `ltxcmds' (already loaded).
Package: ifluatex 2016/05/16 v1.4 Provides the ifluatex switch (HO)
Package ifluatex Info: LuaTeX not detected.
Package hobsub Info: Skipping package `ifvtex' (already loaded).
Package: intcalc 2016/05/16 v1.2 Expandable calculations with integers (HO)
Package hobsub Info: Skipping package `ifpdf' (already loaded).
Package: etexcmds 2016/05/16 v1.6 Avoid name clashes with e-TeX commands (HO)
Package etexcmds Info: Could not find \expanded.
(etexcmds)             That can mean that you are not using pdfTeX 1.50 or
(etexcmds)             that some package has redefined \expanded.
(etexcmds)             In the latter case, load this package earlier.
Package: kvsetkeys 2016/05/16 v1.17 Key value parser (HO)
Package: kvdefinekeys 2016/05/16 v1.4 Define keys (HO)
Package: pdftexcmds 2016/05/21 v0.22 Utility functions of pdfTeX for LuaTeX (HO)
Package pdftexcmds Info: LuaTeX not detected.
Package pdftexcmds Info: \pdf@primitive is available.
Package pdftexcmds Info: \pdf@ifprimitive is available.
Package pdftexcmds Info: \pdfdraftmode found.
Package: pdfescape 2016/05/16 v1.14 Implements pdfTeX's escape features (HO)
Package: bigintcalc 2016/05/16 v1.4 Expandable calculations on big integers (HO)
Package: bitset 2016/05/16 v1.2 Handle bit-vector datatype (HO)
Package: uniquecounter 2016/05/16 v1.3 Provide unlimited unique counter (HO)
)
Package hobsub Info: Skipping package `hobsub' (already loaded).
Package: letltxmacro 2016/05/16 v1.5 Let assignment for LaTeX macros (HO)
Package: hopatch 2016/05/16 v1.3 Wrapper for package hooks (HO)
Package: xcolor-patch 2016/05/16 xcolor patch
Package: atveryend 2016/05/16 v1.9 Hooks at the very end of document (HO)
Package atveryend Info: \enddocument detected (standard20110627).
Package: atbegshi 2016/06/09 v1.18 At begin shipout hook (HO)
Package: refcount 2016/05/16 v3.5 Data extraction from label references (HO)
Package: hycolor 2016/05/16 v1.8 Color options for hyperref/bookmark (HO)
) (/usr/share/texlive/texmf-dist/tex/latex/oberdiek/auxhook.sty
Package: auxhook 2016/05/16 v1.4 Hooks for auxiliary files (HO)
) (/usr/share/texlive/texmf-dist/tex/latex/oberdiek/kvoptions.sty
Package: kvoptions 2016/05/16 v3.12 Key value format for package options (HO)
)
\@linkdim=\dimen125
\Hy@linkcounter=\count106
\Hy@pagecounter=\count107
 (/usr/share/texlive/texmf-dist/tex/latex/hyperref/pd1enc.def
File: pd1enc.def 2016/06/24 v6.83q Hyperref: PDFDocEncoding definition (HO)
)
\Hy@SavedSpaceFactor=\count108
 (/usr/share/texlive/texmf-dist/tex/latex/latexconfig/hyperref.cfg
File: hyperref.cfg 2002/06/06 v1.2 hyperref configuration of TeXLive
)
Package hyperref Info: Hyper figures OFF on input line 4486.
Package hyperref Info: Link nesting OFF on input line 4491.
Package hyperref Info: Hyper index ON on input line 4494.
Package hyperref Info: Plain pages OFF on input line 4501.
Package hyperref Info: Backreferencing OFF on input line 4506.
Package hyperref Info: Implicit mode ON; LaTeX internals redefined.
Package hyperref Info: Bookmarks ON on input line 4735.
\c@Hy@tempcnt=\count109
 (/usr/share/texlive/texmf-dist/tex/latex/url/url.sty
\Urlmuskip=\muskip10
Package: url 2013/09/16  ver 3.4  Verb mode for urls, etc.
)
LaTeX Info: Redefining \url on input line 5088.
\XeTeXLinkMargin=\dimen126
\Fld@menulength=\count110
\Field@Width=\dimen127
\Fld@charsize=\dimen128
Package hyperref Info: Hyper figures OFF on input line 6342.
Package hyperref Info: Link nesting OFF on input line 6347.
Package hyperref Info: Hyper index ON on input line 6350.
Package hyperref Info: backreferencing OFF on input line 6357.
Package hyperref Info: Link coloring OFF on input line 6362.
Package hyperref Info: Link coloring with OCG OFF on input line 6367.
Package hyperref Info: PDF/A mode OFF on input line 6372.
LaTeX Info: Redefining \ref on input line 6412.
LaTeX Info: Redefining \pageref on input line 6416.
\Hy@abspage=\count111
\c@Item=\count112
\c@Hfootnote=\count113
) (/usr/share/texlive/texmf-dist/tex/latex/hyperref/hpdftex.def
File: hpdftex.def 2016/06/24 v6.83q Hyperref driver for pdfTeX
\Fld@listcount=\count114
\c@bookmark@seq@number=\count115
 (/usr/share/texlive/texmf-dist/tex/latex/oberdiek/rerunfilecheck.sty
Package: rerunfilecheck 2016/05/16 v1.8 Rerun checks for auxiliary files (HO)
Package uniquecounter Info: New unique counter `rerunfilecheck' on input line 282.
)
\Hy@SectionHShift=\skip57
) (/usr/share/texlive/texmf-dist/tex/latex/needspace/needspace.sty
Package: needspace 2010/09/12 v1.3d reserve vertical space
) (/usr/share/texlive/texmf-dist/tex/latex/pdfpages/pdfpages.sty
Package: pdfpages 2017/01/14 v0.5h Insert pages of external PDF documents (AM)
 (/usr/share/texlive/texmf-dist/tex/latex/base/ifthen.sty
Package: ifthen 2014/09/29 v1.1c Standard LaTeX ifthen package (DPC)
) (/usr/share/texlive/texmf-dist/tex/latex/tools/calc.sty
Package: calc 2014/10/28 v4.3 Infix arithmetic (KKT,FJ)
\calc@Acount=\count116
\calc@Bcount=\count117
\calc@Adimen=\dimen129
\calc@Bdimen=\dimen130
\calc@Askip=\skip58
\calc@Bskip=\skip59
LaTeX Info: Redefining \setlength on input line 80.
LaTeX Info: Redefining \addtolength on input line 81.
\calc@Ccount=\count118
\calc@Cskip=\skip60
) (/usr/share/texlive/texmf-dist/tex/latex/eso-pic/eso-pic.sty
Package: eso-pic 2015/07/21 v2.0g eso-pic (RN)
) (/usr/share/texlive/texmf-dist/tex/latex/graphics/graphicx.sty
Package: graphicx 2014/10/28 v1.0g Enhanced LaTeX Graphics (DPC,SPQR)
 (/usr/share/texlive/texmf-dist/tex/latex/graphics/graphics.sty
Package: graphics 2016/10/09 v1.0u Standard LaTeX Graphics (DPC,SPQR)
 (/usr/share/texlive/texmf-dist/tex/latex/graphics/trig.sty
Package: trig 2016/01/03 v1.10 sin cos tan (DPC)
) (/usr/share/texlive/texmf-dist/tex/latex/graphics-cfg/graphics.cfg
File: graphics.cfg 2016/06/04 v1.11 sample graphics configuration
)
Package graphics Info: Driver file: pdftex.def on input line 99.
)
\Gin@req@height=\dimen131
\Gin@req@width=\dimen132
)
\AM@pagewidth=\dimen133
\AM@pageheight=\dimen134
 (/usr/share/texlive/texmf-dist/tex/latex/pdfpages/pppdftex.def
File: pppdftex.def 2017/01/14 v0.5h Pdfpages driver for pdfTeX (AM)
)
\AM@pagebox=\box27
\AM@global@opts=\toks28
\AM@toc@title=\toks29
\c@AM@survey=\count119
\AM@templatesizebox=\box28
) (/usr/share/texlive/texmf-dist/tex/latex/enumitem/enumitem.sty
Package: enumitem 2011/09/28 v3.5.2 Customized lists
\labelindent=\skip61
\enit@outerparindent=\dimen135
\enit@toks=\toks30
\enit@inbox=\box29
\enitdp@description=\count120
) (/usr/share/texlive/texmf-dist/tex/latex/footmisc/footmisc.sty
Package: footmisc 2011/06/06 v5.5b a miscellany of footnote facilities
\FN@temptoken=\toks31
\footnotemargin=\dimen136
\c@pp@next@reset=\count121
Package footmisc Info: Declaring symbol style bringhurst on input line 855.
Package footmisc Info: Declaring symbol style chicago on input line 863.
Package footmisc Info: Declaring symbol style wiley on input line 872.
Package footmisc Info: Declaring symbol style lamport-robust on input line 883.
Package footmisc Info: Declaring symbol style lamport* on input line 903.
Package footmisc Info: Declaring symbol style lamport*-robust on input line 924.
)
\BoxWd=\skip62
\Aux=\skip63
 (/usr/share/texlive/texmf-dist/tex/latex/titlesec/ttlkeys.def
File: ttlkeys.def 2016/03/15
) (/usr/share/texlive/texmf-dist/tex/latex/titlesec/block.tss
File: block.tss 2016/03/15
)) (/usr/share/texlive/texmf-dist/tex/latex/tcolorbox/tcolorbox.sty
Package: tcolorbox 2016/11/18 version 3.96 text color boxes
 (/usr/share/texlive/texmf-dist/tex/latex/pgf/basiclayer/pgf.sty (/usr/share/texlive/texmf-dist/tex/latex/pgf/utilities/pgfrcs.sty (/usr/share/texlive/texmf-dist/tex/generic/pgf/utilities/pgfutil-common.tex
\pgfutil@everybye=\toks32
\pgfutil@tempdima=\dimen137
\pgfutil@tempdimb=\dimen138
 (/usr/share/texlive/texmf-dist/tex/generic/pgf/utilities/pgfutil-common-lists.tex)) (/usr/share/texlive/texmf-dist/tex/generic/pgf/utilities/pgfutil-latex.def
\pgfutil@abb=\box30
 (/usr/share/texlive/texmf-dist/tex/latex/ms/everyshi.sty
Package: everyshi 2001/05/15 v3.00 EveryShipout Package (MS)
)) (/usr/share/texlive/texmf-dist/tex/generic/pgf/utilities/pgfrcs.code.tex
Package: pgfrcs 2015/08/07 v3.0.1a (rcs-revision 1.31)
))
Package: pgf 2015/08/07 v3.0.1a (rcs-revision 1.15)
 (/usr/share/texlive/texmf-dist/tex/latex/pgf/basiclayer/pgfcore.sty (/usr/share/texlive/texmf-dist/tex/latex/pgf/systemlayer/pgfsys.sty (/usr/share/texlive/texmf-dist/tex/generic/pgf/systemlayer/pgfsys.code.tex
Package: pgfsys 2014/07/09 v3.0.1a (rcs-revision 1.48)
 (/usr/share/texlive/texmf-dist/tex/generic/pgf/utilities/pgfkeys.code.tex
\pgfkeys@pathtoks=\toks33
\pgfkeys@temptoks=\toks34
 (/usr/share/texlive/texmf-dist/tex/generic/pgf/utilities/pgfkeysfiltered.code.tex
\pgfkeys@tmptoks=\toks35
))
\pgf@x=\dimen139
\pgf@y=\dimen140
\pgf@xa=\dimen141
\pgf@ya=\dimen142
\pgf@xb=\dimen143
\pgf@yb=\dimen144
\pgf@xc=\dimen145
\pgf@yc=\dimen146
\w@pgf@writea=\write3
\r@pgf@reada=\read1
\c@pgf@counta=\count122
\c@pgf@countb=\count123
\c@pgf@countc=\count124
\c@pgf@countd=\count125
\t@pgf@toka=\toks36
\t@pgf@tokb=\toks37
\t@pgf@tokc=\toks38
 (/usr/share/texlive/texmf-dist/tex/generic/pgf/systemlayer/pgf.cfg
File: pgf.cfg 2008/05/14  (rcs-revision 1.7)
)
Driver file for pgf: pgfsys-pdftex.def
 (/usr/share/texlive/texmf-dist/tex/generic/pgf/systemlayer/pgfsys-pdftex.def
File: pgfsys-pdftex.def 2014/10/11  (rcs-revision 1.35)
 (/usr/share/texlive/texmf-dist/tex/generic/pgf/systemlayer/pgfsys-common-pdf.def
File: pgfsys-common-pdf.def 2013/10/10  (rcs-revision 1.13)
))) (/usr/share/texlive/texmf-dist/tex/generic/pgf/systemlayer/pgfsyssoftpath.code.tex
File: pgfsyssoftpath.code.tex 2013/09/09  (rcs-revision 1.9)
\pgfsyssoftpath@smallbuffer@items=\count126
\pgfsyssoftpath@bigbuffer@items=\count127
) (/usr/share/texlive/texmf-dist/tex/generic/pgf/systemlayer/pgfsysprotocol.code.tex
File: pgfsysprotocol.code.tex 2006/10/16  (rcs-revision 1.4)
)) (/usr/share/texlive/texmf-dist/tex/generic/pgf/basiclayer/pgfcore.code.tex
Package: pgfcore 2010/04/11 v3.0.1a (rcs-revision 1.7)
 (/usr/share/texlive/texmf-dist/tex/generic/pgf/math/pgfmath.code.tex (/usr/share/texlive/texmf-dist/tex/generic/pgf/math/pgfmathcalc.code.tex (/usr/share/texlive/texmf-dist/tex/generic/pgf/math/pgfmathutil.code.tex) (/usr/share/texlive/texmf-dist/tex/generic/pgf/math/pgfmathparser.code.tex
\pgfmath@dimen=\dimen147
\pgfmath@count=\count128
\pgfmath@box=\box31
\pgfmath@toks=\toks39
\pgfmath@stack@operand=\toks40
\pgfmath@stack@operation=\toks41
) (/usr/share/texlive/texmf-dist/tex/generic/pgf/math/pgfmathfunctions.code.tex (/usr/share/texlive/texmf-dist/tex/generic/pgf/math/pgfmathfunctions.basic.code.tex) (/usr/share/texlive/texmf-dist/tex/generic/pgf/math/pgfmathfunctions.trigonometric.code.tex) (/usr/share/texlive/texmf-dist/tex/generic/pgf/math/pgfmathfunctions.random.code.tex) (/usr/share/texlive/texmf-dist/tex/generic/pgf/math/pgfmathfunctions.comparison.code.tex) (/usr/share/texlive/texmf-dist/tex/generic/pgf/math/pgfmathfunctions.base.code.tex) (/usr/share/texlive/texmf-dist/tex/generic/pgf/math/pgfmathfunctions.round.code.tex) (/usr/share/texlive/texmf-dist/tex/generic/pgf/math/pgfmathfunctions.misc.code.tex) (/usr/share/texlive/texmf-dist/tex/generic/pgf/math/pgfmathfunctions.integerarithmetics.code.tex))) (/usr/share/texlive/texmf-dist/tex/generic/pgf/math/pgfmathfloat.code.tex
\c@pgfmathroundto@lastzeros=\count129
)) (/usr/share/texlive/texmf-dist/tex/generic/pgf/basiclayer/pgfcorepoints.code.tex
File: pgfcorepoints.code.tex 2013/10/07  (rcs-revision 1.27)
\pgf@picminx=\dimen148
\pgf@picmaxx=\dimen149
\pgf@picminy=\dimen150
\pgf@picmaxy=\dimen151
\pgf@pathminx=\dimen152
\pgf@pathmaxx=\dimen153
\pgf@pathminy=\dimen154
\pgf@pathmaxy=\dimen155
\pgf@xx=\dimen156
\pgf@xy=\dimen157
\pgf@yx=\dimen158
\pgf@yy=\dimen159
\pgf@zx=\dimen160
\pgf@zy=\dimen161
) (/usr/share/texlive/texmf-dist/tex/generic/pgf/basiclayer/pgfcorepathconstruct.code.tex
File: pgfcorepathconstruct.code.tex 2013/10/07  (rcs-revision 1.29)
\pgf@path@lastx=\dimen162
\pgf@path@lasty=\dimen163
) (/usr/share/texlive/texmf-dist/tex/generic/pgf/basiclayer/pgfcorepathusage.code.tex
File: pgfcorepathusage.code.tex 2014/11/02  (rcs-revision 1.24)
\pgf@shorten@end@additional=\dimen164
\pgf@shorten@start@additional=\dimen165
) (/usr/share/texlive/texmf-dist/tex/generic/pgf/basiclayer/pgfcorescopes.code.tex
File: pgfcorescopes.code.tex 2015/05/08  (rcs-revision 1.46)
\pgfpic=\box32
\pgf@hbox=\box33
\pgf@layerbox@main=\box34
\pgf@picture@serial@count=\count130
) (/usr/share/texlive/texmf-dist/tex/generic/pgf/basiclayer/pgfcoregraphicstate.code.tex
File: pgfcoregraphicstate.code.tex 2014/11/02  (rcs-revision 1.12)
\pgflinewidth=\dimen166
) (/usr/share/texlive/texmf-dist/tex/generic/pgf/basiclayer/pgfcoretransformations.code.tex
File: pgfcoretransformations.code.tex 2015/08/07  (rcs-revision 1.20)
\pgf@pt@x=\dimen167
\pgf@pt@y=\dimen168
\pgf@pt@temp=\dimen169
) (/usr/share/texlive/texmf-dist/tex/generic/pgf/basiclayer/pgfcorequick.code.tex
File: pgfcorequick.code.tex 2008/10/09  (rcs-revision 1.3)
) (/usr/share/texlive/texmf-dist/tex/generic/pgf/basiclayer/pgfcoreobjects.code.tex
File: pgfcoreobjects.code.tex 2006/10/11  (rcs-revision 1.2)
) (/usr/share/texlive/texmf-dist/tex/generic/pgf/basiclayer/pgfcorepathprocessing.code.tex
File: pgfcorepathprocessing.code.tex 2013/09/09  (rcs-revision 1.9)
) (/usr/share/texlive/texmf-dist/tex/generic/pgf/basiclayer/pgfcorearrows.code.tex
File: pgfcorearrows.code.tex 2015/05/14  (rcs-revision 1.43)
\pgfarrowsep=\dimen170
) (/usr/share/texlive/texmf-dist/tex/generic/pgf/basiclayer/pgfcoreshade.code.tex
File: pgfcoreshade.code.tex 2013/07/15  (rcs-revision 1.15)
\pgf@max=\dimen171
\pgf@sys@shading@range@num=\count131
) (/usr/share/texlive/texmf-dist/tex/generic/pgf/basiclayer/pgfcoreimage.code.tex
File: pgfcoreimage.code.tex 2013/07/15  (rcs-revision 1.18)
 (/usr/share/texlive/texmf-dist/tex/generic/pgf/basiclayer/pgfcoreexternal.code.tex
File: pgfcoreexternal.code.tex 2014/07/09  (rcs-revision 1.21)
\pgfexternal@startupbox=\box35
)) (/usr/share/texlive/texmf-dist/tex/generic/pgf/basiclayer/pgfcorelayers.code.tex
File: pgfcorelayers.code.tex 2013/07/18  (rcs-revision 1.7)
) (/usr/share/texlive/texmf-dist/tex/generic/pgf/basiclayer/pgfcoretransparency.code.tex
File: pgfcoretransparency.code.tex 2013/09/30  (rcs-revision 1.5)
) (/usr/share/texlive/texmf-dist/tex/generic/pgf/basiclayer/pgfcorepatterns.code.tex
File: pgfcorepatterns.code.tex 2013/11/07  (rcs-revision 1.5)
))) (/usr/share/texlive/texmf-dist/tex/generic/pgf/modules/pgfmoduleshapes.code.tex
File: pgfmoduleshapes.code.tex 2014/03/21  (rcs-revision 1.35)
\pgfnodeparttextbox=\box36
) (/usr/share/texlive/texmf-dist/tex/generic/pgf/modules/pgfmoduleplot.code.tex
File: pgfmoduleplot.code.tex 2015/08/03  (rcs-revision 1.13)
) (/usr/share/texlive/texmf-dist/tex/latex/pgf/compatibility/pgfcomp-version-0-65.sty
Package: pgfcomp-version-0-65 2007/07/03 v3.0.1a (rcs-revision 1.7)
\pgf@nodesepstart=\dimen172
\pgf@nodesepend=\dimen173
) (/usr/share/texlive/texmf-dist/tex/latex/pgf/compatibility/pgfcomp-version-1-18.sty
Package: pgfcomp-version-1-18 2007/07/23 v3.0.1a (rcs-revision 1.1)
)) (/usr/share/texlive/texmf-dist/tex/latex/tools/verbatim.sty
Package: verbatim 2014/10/28 v1.5q LaTeX2e package for verbatim enhancements
\every@verbatim=\toks42
\verbatim@line=\toks43
\verbatim@in@stream=\read2
) (/usr/share/texlive/texmf-dist/tex/latex/etoolbox/etoolbox.sty
Package: etoolbox 2017/01/02 v2.4 e-TeX tools for LaTeX (JAW)
\etb@tempcnta=\count132
)
\tcb@titlebox=\box37
\tcb@upperbox=\box38
\tcb@lowerbox=\box39
\tcb@phantombox=\box40
\c@tcbbreakpart=\count133
\c@tcblayer=\count134
\tcolorbox@number=\count135
\tcb@temp=\box41
\tcb@temp=\box42
\tcb@temp=\box43
\tcb@temp=\box44
\tcb@out=\write4
\tcb@record@out=\write5
 (/usr/share/texlive/texmf-dist/tex/latex/tcolorbox/tcbskins.code.tex
Library (tcolorbox): 'tcbskins.code.tex' version '3.96'
(/usr/share/texlive/texmf-dist/tex/latex/pgf/frontendlayer/tikz.sty (/usr/share/texlive/texmf-dist/tex/latex/pgf/utilities/pgffor.sty (/usr/share/texlive/texmf-dist/tex/latex/pgf/utilities/pgfkeys.sty (/usr/share/texlive/texmf-dist/tex/generic/pgf/utilities/pgfkeys.code.tex)) (/usr/share/texlive/texmf-dist/tex/latex/pgf/math/pgfmath.sty (/usr/share/texlive/texmf-dist/tex/generic/pgf/math/pgfmath.code.tex)) (/usr/share/texlive/texmf-dist/tex/generic/pgf/utilities/pgffor.code.tex
Package: pgffor 2013/12/13 v3.0.1a (rcs-revision 1.25)
 (/usr/share/texlive/texmf-dist/tex/generic/pgf/math/pgfmath.code.tex)
\pgffor@iter=\dimen174
\pgffor@skip=\dimen175
\pgffor@stack=\toks44
\pgffor@toks=\toks45
)) (/usr/share/texlive/texmf-dist/tex/generic/pgf/frontendlayer/tikz/tikz.code.tex
Package: tikz 2015/08/07 v3.0.1a (rcs-revision 1.151)
 (/usr/share/texlive/texmf-dist/tex/generic/pgf/libraries/pgflibraryplothandlers.code.tex
File: pgflibraryplothandlers.code.tex 2013/08/31 v3.0.1a (rcs-revision 1.20)
\pgf@plot@mark@count=\count136
\pgfplotmarksize=\dimen176
)
\tikz@lastx=\dimen177
\tikz@lasty=\dimen178
\tikz@lastxsaved=\dimen179
\tikz@lastysaved=\dimen180
\tikzleveldistance=\dimen181
\tikzsiblingdistance=\dimen182
\tikz@figbox=\box45
\tikz@figbox@bg=\box46
\tikz@tempbox=\box47
\tikz@tempbox@bg=\box48
\tikztreelevel=\count137
\tikznumberofchildren=\count138
\tikznumberofcurrentchild=\count139
\tikz@fig@count=\count140
 (/usr/share/texlive/texmf-dist/tex/generic/pgf/modules/pgfmodulematrix.code.tex
File: pgfmodulematrix.code.tex 2013/09/17  (rcs-revision 1.8)
\pgfmatrixcurrentrow=\count141
\pgfmatrixcurrentcolumn=\count142
\pgf@matrix@numberofcolumns=\count143
)
\tikz@expandcount=\count144
 (/usr/share/texlive/texmf-dist/tex/generic/pgf/frontendlayer/tikz/libraries/tikzlibrarytopaths.code.tex
File: tikzlibrarytopaths.code.tex 2008/06/17 v3.0.1a (rcs-revision 1.2)
)))
\tcb@waterbox=\box49
 (/usr/share/texlive/texmf-dist/tex/latex/tcolorbox/tcbskinsjigsaw.code.tex
Library (tcolorbox): 'tcbskinsjigsaw.code.tex' version '3.96'
))) (/usr/share/texlive/texmf-dist/tex/generic/babel/babel.sty
Package: babel 2016/04/23 3.9r The Babel package
 (/usr/share/texlive/texmf-dist/tex/generic/babel-english/english.ldf
Language: english 2012/08/20 v3.3p English support from the babel system
 (/usr/share/texlive/texmf-dist/tex/generic/babel/babel.def
File: babel.def 2016/04/23 3.9r Babel common definitions
\babel@savecnt=\count145
\U@D=\dimen183
)
\l@british = a dialect from \language\l@english 
\l@UKenglish = a dialect from \language\l@english 
\l@canadian = a dialect from \language\l@american 
\l@australian = a dialect from \language\l@british 
\l@newzealand = a dialect from \language\l@british 
)) (/usr/share/texlive/texmf-dist/tex/latex/tools/varioref.sty
Package: varioref 2016/02/16 v1.5c package for extended references (FMi)
\c@vrcnt=\count146
) (/usr/share/texlive/texmf-dist/tex/latex/adjustbox/adjustbox.sty
Package: adjustbox 2012/05/21 v1.0 Adjusting TeX boxes (trim, clip, ...)
 (/usr/share/texlive/texmf-dist/tex/latex/xkeyval/xkeyval.sty
Package: xkeyval 2014/12/03 v2.7a package option processing (HA)
 (/usr/share/texlive/texmf-dist/tex/generic/xkeyval/xkeyval.tex (/usr/share/texlive/texmf-dist/tex/generic/xkeyval/xkvutils.tex
\XKV@toks=\toks46
\XKV@tempa@toks=\toks47
)
\XKV@depth=\count147
File: xkeyval.tex 2014/12/03 v2.7a key=value parser (HA)
)) (/usr/share/texlive/texmf-dist/tex/latex/adjustbox/adjcalc.sty
Package: adjcalc 2012/05/16 v1.1 Provides advanced setlength with multiple back-ends (calc, etex, pgfmath)
) (/usr/share/texlive/texmf-dist/tex/latex/adjustbox/trimclip.sty
Package: trimclip 2012/05/16 v1.0 Trim and clip general TeX material
 (/usr/share/texlive/texmf-dist/tex/latex/collectbox/collectbox.sty
Package: collectbox 2012/05/17 v0.4b Collect macro arguments as boxes
\collectedbox=\box50
)
\tc@llx=\dimen184
\tc@lly=\dimen185
\tc@urx=\dimen186
\tc@ury=\dimen187
Package trimclip Info: Using driver 'tc-pdftex.def'.
 (/usr/share/texlive/texmf-dist/tex/latex/adjustbox/tc-pdftex.def
File: tc-pdftex.def 2012/05/13 v1.0 Clipping driver for pdftex
))
\adjbox@Width=\dimen188
\adjbox@Height=\dimen189
\adjbox@Depth=\dimen190
\adjbox@Totalheight=\dimen191
 (/usr/share/texlive/texmf-dist/tex/latex/ifoddpage/ifoddpage.sty
Package: ifoddpage 2016/04/23 v1.1 Conditionals for odd/even page detection
\c@checkoddpage=\count148
) (/usr/share/texlive/texmf-dist/tex/latex/varwidth/varwidth.sty
Package: varwidth 2009/03/30 ver 0.92;  Variable-width minipages
\@vwid@box=\box51
\sift@deathcycles=\count149
\@vwid@loff=\dimen192
\@vwid@roff=\dimen193
)) (/usr/share/texlive/texmf-dist/tex/latex/acro/acro.sty (/usr/share/texlive/texmf-dist/tex/latex/l3kernel/expl3.sty
Package: expl3 2016/11/21 v6760 L3 programming layer (loader) 
 (/usr/share/texlive/texmf-dist/tex/latex/l3kernel/expl3-code.tex
Package: expl3 2016/11/21 v6760 L3 programming layer (code)
L3 Module: l3bootstrap 2016/06/13 v6596 L3 Bootstrap code
L3 Module: l3names 2016/10/13 v6722 L3 Namespace for primitives
L3 Module: l3basics 2016/09/01 v6696 L3 Basic definitions
L3 Module: l3expan 2016/08/19 v6684 L3 Argument expansion
L3 Module: l3tl 2016/08/19 v6692 L3 Token lists
L3 Module: l3str 2016/08/19 v6692 L3 Strings
L3 Module: l3seq 2016/08/19 v6685 L3 Sequences and stacks
L3 Module: l3int 2016/09/07 v6700 L3 Integers
\c_max_int=\count150
\l_tmpa_int=\count151
\l_tmpb_int=\count152
\g_tmpa_int=\count153
\g_tmpb_int=\count154
L3 Module: l3quark 2016/08/19 v6685 L3 Quarks
L3 Module: l3prg 2016/08/18 v6679 L3 Control structures
\g__prg_map_int=\count155
L3 Module: l3clist 2016/08/19 v6685 L3 Comma separated lists
L3 Module: l3token 2016/09/01 v6695 L3 Experimental token manipulation
L3 Module: l3prop 2016/08/19 v6685 L3 Property lists
L3 Module: l3msg 2016/08/19 v6691 L3 Messages
L3 Module: l3file 2016/08/19 v6685 L3 File and I/O operations
\l_iow_line_count_int=\count156
\l__iow_target_count_int=\count157
\l__iow_current_line_int=\count158
\l__iow_current_word_int=\count159
\l__iow_current_indentation_int=\count160
L3 Module: l3skip 2016/08/19 v6692 L3 Dimensions and skips
\c_zero_dim=\dimen194
\c_max_dim=\dimen195
\l_tmpa_dim=\dimen196
\l_tmpb_dim=\dimen197
\g_tmpa_dim=\dimen198
\g_tmpb_dim=\dimen199
\c_zero_skip=\skip64
\c_max_skip=\skip65
\l_tmpa_skip=\skip66
\l_tmpb_skip=\skip67
\g_tmpa_skip=\skip68
\g_tmpb_skip=\skip69
\c_zero_muskip=\muskip11
\c_max_muskip=\muskip12
\l_tmpa_muskip=\muskip13
\l_tmpb_muskip=\muskip14
\g_tmpa_muskip=\muskip15
\g_tmpb_muskip=\muskip16
L3 Module: l3keys 2016/09/21 v6711 L3 Key-value interfaces
\l_keys_choice_int=\count161
L3 Module: l3fp 2016/11/21 v6761 L3 Floating points
\c__fp_leading_shift_int=\count162
\c__fp_middle_shift_int=\count163
\c__fp_trailing_shift_int=\count164
\c__fp_big_leading_shift_int=\count165
\c__fp_big_middle_shift_int=\count166
\c__fp_big_trailing_shift_int=\count167
\c__fp_Bigg_leading_shift_int=\count168
\c__fp_Bigg_middle_shift_int=\count169
\c__fp_Bigg_trailing_shift_int=\count170
L3 Module: l3box 2016/08/19 v6685 L3 Experimental boxes
\c_empty_box=\box52
\l_tmpa_box=\box53
\l_tmpb_box=\box54
\g_tmpa_box=\box55
\g_tmpb_box=\box56
L3 Module: l3coffins 2016/08/19 v6685 L3 Coffin code layer
\l__coffin_internal_box=\box57
\l__coffin_internal_dim=\dimen256
\l__coffin_offset_x_dim=\dimen257
\l__coffin_offset_y_dim=\dimen258
\l__coffin_x_dim=\dimen259
\l__coffin_y_dim=\dimen260
\l__coffin_x_prime_dim=\dimen261
\l__coffin_y_prime_dim=\dimen262
\c_empty_coffin=\box58
\l__coffin_aligned_coffin=\box59
\l__coffin_aligned_internal_coffin=\box60
\l_tmpa_coffin=\box61
\l_tmpb_coffin=\box62
\l__coffin_display_coffin=\box63
\l__coffin_display_coord_coffin=\box64
\l__coffin_display_pole_coffin=\box65
\l__coffin_display_offset_dim=\dimen263
\l__coffin_display_x_dim=\dimen264
\l__coffin_display_y_dim=\dimen265
L3 Module: l3color 2016/06/13 v6596 L3 Experimental color support
L3 Module: l3sys 2015/09/25 v6087 L3 Experimental system/runtime functions
L3 Module: l3candidates 2016/08/19 v6688 L3 Experimental additions to l3kernel
\l__box_top_dim=\dimen266
\l__box_bottom_dim=\dimen267
\l__box_left_dim=\dimen268
\l__box_right_dim=\dimen269
\l__box_top_new_dim=\dimen270
\l__box_bottom_new_dim=\dimen271
\l__box_left_new_dim=\dimen272
\l__box_right_new_dim=\dimen273
\l__box_internal_box=\box66
\l__coffin_bounding_shift_dim=\dimen274
\l__coffin_left_corner_dim=\dimen275
\l__coffin_right_corner_dim=\dimen276
\l__coffin_bottom_corner_dim=\dimen277
\l__coffin_top_corner_dim=\dimen278
\l__coffin_scaled_total_height_dim=\dimen279
\l__coffin_scaled_width_dim=\dimen280
L3 Module: l3luatex 2016/08/18 v6679 L3 Experimental LuaTeX-specific functions
) (/usr/share/texlive/texmf-dist/tex/latex/l3kernel/l3pdfmode.def
File: l3pdfmode.def 2016/08/18 v6679 L3 Experimental driver: PDF mode
\l__driver_color_stack_int=\count171
\l__driver_tmp_box=\box67
)) (/usr/share/texlive/texmf-dist/tex/latex/l3experimental/l3sort/l3sort.sty
Package: l3sort 2016/11/21 v6760 L3 Experimental sorting functions
\l__sort_length_int=\count172
\l__sort_block_int=\count173
\l__sort_begin_int=\count174
\l__sort_end_int=\count175
\l__sort_A_int=\count176
\l__sort_B_int=\count177
\l__sort_C_int=\count178
) (/usr/share/texlive/texmf-dist/tex/latex/l3packages/xparse/xparse.sty
Package: xparse 2016/11/21 v6760 L3 Experimental document command parser
\l__xparse_current_arg_int=\count179
\l__xparse_m_args_int=\count180
\l__xparse_mandatory_args_int=\count181
\l__xparse_processor_int=\count182
\l__xparse_v_nesting_int=\count183
) (/usr/share/texlive/texmf-dist/tex/latex/l3packages/l3keys2e/l3keys2e.sty
Package: l3keys2e 2016/11/21 v6760 LaTeX2e option processing using LaTeX3 keys
) (/usr/share/texlive/texmf-dist/tex/latex/l3packages/xtemplate/xtemplate.sty
Package: xtemplate 2016/11/21 v6760 L3 Experimental prototype document functions
\l__xtemplate_tmp_dim=\dimen281
\l__xtemplate_tmp_int=\count184
\l__xtemplate_tmp_muskip=\muskip17
\l__xtemplate_tmp_skip=\skip70
)
Package: acro 2017/01/22 v2.7 Typeset Acronyms
\l__acro_tmpa_int=\count185
\l__acro_tmpb_int=\count186
\l__acro_tmpc_int=\count187
\l__acro_tmpd_int=\count188
\l__acro_page_space_skip=\skip71
\l__acro_short_width_dim=\dimen282
.................................................
. LaTeX info: "xparse/define-command"
. 
. Defining command \acfirstupper with sig. 'm' on line 442.
.................................................
.................................................
. LaTeX info: "xparse/define-command"
. 
. Defining command \acsetup with sig. 'm' on line 591.
.................................................
.................................................
. xtemplate info: "declare-object-type"
. 
. Declaring object type 'acro-first' taking 2 argument(s) on line 831.
.................................................
.................................................
. LaTeX info: "xparse/define-command"
. 
. Defining command \DeclareAcroFirstStyle with sig. 'mmm' on line 941.
.................................................
.................................................
. xtemplate info: "declare-object-type"
. 
. Declaring object type 'acro-extra' taking 1 argument(s) on line 965.
.................................................
.................................................
. LaTeX info: "xparse/define-command"
. 
. Defining command \DeclareAcroExtraStyle with sig. 'mmm' on line 1004.
.................................................
 (/usr/share/texlive/texmf-dist/tex/latex/oberdiek/zref-abspage.sty
Package: zref-abspage 2016/05/21 v2.26 Module abspage for zref (HO)
 (/usr/share/texlive/texmf-dist/tex/latex/oberdiek/zref-base.sty
Package: zref-base 2016/05/21 v2.26 Module base for zref (HO)
Package zref Info: New property list: main on input line 759.
Package zref Info: New property: default on input line 760.
Package zref Info: New property: page on input line 761.
)
\c@abspage=\count189
Package zref Info: New property: abspage on input line 62.
)
.................................................
. xtemplate info: "declare-object-type"
. 
. Declaring object type 'acro-page-number' taking 1 argument(s) on line 1200.
.................................................
.................................................
. LaTeX info: "xparse/define-command"
. 
. Defining command \DeclareAcroPageStyle with sig. 'mmm' on line 1249.
.................................................
.................................................
. xtemplate info: "declare-object-type"
. 
. Declaring object type 'acro-title' taking 1 argument(s) on line 1275.
.................................................
.................................................
. LaTeX info: "xparse/define-command"
. 
. Defining command \DeclareAcroListHeading with sig. 'mm' on line 1317.
.................................................
.................................................
. xtemplate info: "declare-object-type"
. 
. Declaring object type 'acro-list' taking 2 argument(s) on line 1321.
.................................................
.................................................
. LaTeX info: "xparse/define-command"
. 
. Defining command \DeclareAcroListStyle with sig. 'mmm' on line 1765.
.................................................
.................................................
. LaTeX info: "xparse/define-command"
. 
. Defining command \ProvideAcroEnding with sig. 'mmm' on line 2260.
.................................................
.................................................
. LaTeX info: "xparse/define-command"
. 
. Defining command \AcroRegisterTrailing with sig. 'mm' on line 2983.
.................................................
.................................................
. LaTeX info: "xparse/define-command"
. 
. Defining command \acdot with sig. '' on line 3055.
.................................................
.................................................
. LaTeX info: "xparse/define-command"
. 
. Defining command \acspace with sig. '' on line 3056.
.................................................
.................................................
. LaTeX info: "xparse/define-command"
. 
. Defining command \acifused with sig. 'm' on line 3089.
.................................................
.................................................
. LaTeX info: "xparse/define-command"
. 
. Defining command \acresetall with sig. '' on line 3103.
.................................................
.................................................
. LaTeX info: "xparse/define-command"
. 
. Defining command \acuseall with sig. '' on line 3106.
.................................................
.................................................
. LaTeX info: "xparse/define-command"
. 
. Defining command \acreset with sig. '>{\SplitList {,}}m' on line 3109.
.................................................
.................................................
. LaTeX info: "xparse/define-command"
. 
. Defining command \acuse with sig. '>{\SplitList {,}}m' on line 3112.
.................................................
\g__acro_barrier_int=\count190
.................................................
. LaTeX info: "xparse/define-command"
. 
. Defining command \acbarrier with sig. '' on line 3139.
.................................................
.................................................
. LaTeX info: "xparse/define-command"
. 
. Defining command \acswitchoff with sig. '' on line 3240.
.................................................
.................................................
. LaTeX info: "xparse/define-command"
. 
. Defining command \acswitchon with sig. '' on line 3243.
.................................................
.................................................
. LaTeX info: "xparse/define-command"
. 
. Defining command \DeclareAcronym with sig. 'mm' on line 3825.
.................................................
.................................................
. LaTeX info: "xparse/define-command"
. 
. Defining command \printacronyms with sig. 'O{}' on line 3872.
.................................................
 (/usr/share/texlive/texmf-dist/tex/latex/translations/translations.sty
Package: translations 2016/06/02 v1.4a internationalization of LaTeX2e packages (CN)
 (/usr/share/texlive/texmf-dist/tex/latex/cnltx/cnltx-base.sty
Package: cnltx-base 2015/08/17 v0.13 LaTeX tools and documenting facilities (CN)
 (/usr/share/texlive/texmf-dist/tex/latex/pgfopts/pgfopts.sty
Package: pgfopts 2014/07/10 v2.1a LaTeX package options with pgfkeys
\pgfopts@list@add@a@toks=\toks48
\pgfopts@list@add@b@toks=\toks49
)
\c@cnltx@tmpa=\count191
\c@cnltx@tmpb=\count192
\c@cnltx@tmpc=\count193
\cnltx@tmpa@length=\skip72
\cnltx@tmpb@length=\skip73
\cnltx@tmpc@length=\skip74
) (/usr/share/texlive/texmf-dist/tex/latex/koma-script/scrlfile.sty
Package: scrlfile 2016/06/14 v3.21 KOMA-Script package (loading files)

Package scrlfile, 2016/06/14 v3.21 KOMA-Script package (loading files)
                  Copyright (C) Markus Kohm

))
.................................................
. LaTeX info: "xparse/define-command"
. 
. Defining command \DeclareAcroTranslation with sig. 'mm' on line 3910.
.................................................
.................................................
. LaTeX info: "xparse/define-command"
. 
. Defining command \ac with sig. 'sO{}m' on line 4111.
.................................................
.................................................
. LaTeX info: "xparse/define-command"
. 
. Defining command \iac with sig. 'sO{}m' on line 4117.
.................................................
.................................................
. LaTeX info: "xparse/define-command"
. 
. Defining command \Iac with sig. 'sO{}m' on line 4124.
.................................................
.................................................
. LaTeX info: "xparse/define-command"
. 
. Defining command \Ac with sig. 'sO{}m' on line 4130.
.................................................
.................................................
. LaTeX info: "xparse/define-command"
. 
. Defining command \acp with sig. 'sO{}m' on line 4136.
.................................................
.................................................
. LaTeX info: "xparse/define-command"
. 
. Defining command \Acp with sig. 'sO{}m' on line 4143.
.................................................
.................................................
. LaTeX info: "xparse/define-command"
. 
. Defining command \acsingle with sig. 'sO{}m' on line 4149.
.................................................
.................................................
. LaTeX info: "xparse/define-command"
. 
. Defining command \Acsingle with sig. 'sO{}m' on line 4156.
.................................................
.................................................
. LaTeX info: "xparse/define-command"
. 
. Defining command \acs with sig. 'sO{}m' on line 4160.
.................................................
.................................................
. LaTeX info: "xparse/define-command"
. 
. Defining command \iacs with sig. 'sO{}m' on line 4166.
.................................................
.................................................
. LaTeX info: "xparse/define-command"
. 
. Defining command \Iacs with sig. 'sO{}m' on line 4173.
.................................................
.................................................
. LaTeX info: "xparse/define-command"
. 
. Defining command \acsp with sig. 'sO{}m' on line 4179.
.................................................
.................................................
. LaTeX info: "xparse/define-command"
. 
. Defining command \aca with sig. 'sO{}m' on line 4183.
.................................................
.................................................
. LaTeX info: "xparse/define-command"
. 
. Defining command \Aca with sig. 'sO{}m' on line 4189.
.................................................
.................................................
. LaTeX info: "xparse/define-command"
. 
. Defining command \iaca with sig. 'sO{}m' on line 4195.
.................................................
.................................................
. LaTeX info: "xparse/define-command"
. 
. Defining command \Iaca with sig. 'sO{}m' on line 4202.
.................................................
.................................................
. LaTeX info: "xparse/define-command"
. 
. Defining command \acap with sig. 'sO{}m' on line 4208.
.................................................
.................................................
. LaTeX info: "xparse/define-command"
. 
. Defining command \acl with sig. 'sO{}m' on line 4212.
.................................................
.................................................
. LaTeX info: "xparse/define-command"
. 
. Defining command \iacl with sig. 'sO{}m' on line 4218.
.................................................
.................................................
. LaTeX info: "xparse/define-command"
. 
. Defining command \Iacl with sig. 'sO{}m' on line 4225.
.................................................
.................................................
. LaTeX info: "xparse/define-command"
. 
. Defining command \Acl with sig. 'sO{}m' on line 4231.
.................................................
.................................................
. LaTeX info: "xparse/define-command"
. 
. Defining command \aclp with sig. 'sO{}m' on line 4237.
.................................................
.................................................
. LaTeX info: "xparse/define-command"
. 
. Defining command \Aclp with sig. 'sO{}m' on line 4244.
.................................................
.................................................
. LaTeX info: "xparse/define-command"
. 
. Defining command \acf with sig. 'sO{}m' on line 4248.
.................................................
.................................................
. LaTeX info: "xparse/define-command"
. 
. Defining command \iacf with sig. 'sO{}m' on line 4254.
.................................................
.................................................
. LaTeX info: "xparse/define-command"
. 
. Defining command \Iacf with sig. 'sO{}m' on line 4261.
.................................................
.................................................
. LaTeX info: "xparse/define-command"
. 
. Defining command \Acf with sig. 'sO{}m' on line 4267.
.................................................
.................................................
. LaTeX info: "xparse/define-command"
. 
. Defining command \acfp with sig. 'sO{}m' on line 4273.
.................................................
.................................................
. LaTeX info: "xparse/define-command"
. 
. Defining command \Acfp with sig. 'sO{}m' on line 4280.
.................................................
.................................................
. LaTeX info: "xparse/define-command"
. 
. Defining command \acflike with sig. 'smm' on line 4284.
.................................................
.................................................
. LaTeX info: "xparse/define-command"
. 
. Defining command \iacflike with sig. 'smm' on line 4290.
.................................................
.................................................
. LaTeX info: "xparse/define-command"
. 
. Defining command \Iacflike with sig. 'smm' on line 4297.
.................................................
.................................................
. LaTeX info: "xparse/define-command"
. 
. Defining command \acfplike with sig. 'smm' on line 4303.
.................................................
\g__file_internal_ior=\read3
) (/usr/share/texlive/texmf-dist/tex/latex/setspace/setspace.sty
Package: setspace 2011/12/19 v6.7a set line spacing
) (/usr/share/texlive/texmf-dist/tex/latex/tools/tabularx.sty
Package: tabularx 2016/02/03 v2.11 `tabularx' package (DPC)
\TX@col@width=\dimen283
\TX@old@table=\dimen284
\TX@old@col=\dimen285
\TX@target=\dimen286
\TX@delta=\dimen287
\TX@cols=\count194
\TX@ftn=\toks50
) (/usr/share/texlive/texmf-dist/tex/latex/ctable/ctable.sty
Package: ctable 2015/10/17 v1.31 ctable package for flexible typesetting of table and figure floats using key/value directives
 (/usr/share/texlive/texmf-dist/tex/latex/booktabs/booktabs.sty
Package: booktabs 2016/04/27 v1.618033 publication quality tables
\heavyrulewidth=\dimen288
\lightrulewidth=\dimen289
\cmidrulewidth=\dimen290
\belowrulesep=\dimen291
\belowbottomsep=\dimen292
\aboverulesep=\dimen293
\abovetopsep=\dimen294
\cmidrulesep=\dimen295
\cmidrulekern=\dimen296
\defaultaddspace=\dimen297
\@cmidla=\count195
\@cmidlb=\count196
\@aboverulesep=\dimen298
\@belowrulesep=\dimen299
\@thisruleclass=\count197
\@lastruleclass=\count198
\@thisrulewidth=\dimen300
) (/usr/share/texlive/texmf-dist/tex/latex/graphics/rotating.sty
Package: rotating 2016/08/11 v2.16d rotated objects in LaTeX
\c@r@tfl@t=\count199
\rotFPtop=\skip75
\rotFPbot=\skip76
\rot@float@box=\box68
\rot@mess@toks=\toks51
)
\@CTframesep=\dimen301
\@dfltCTframesep=\dimen302
\@CTframerule=\dimen303
\@dfltCTframerule=\dimen304
\@CTwidth=\dimen305
\@dfltCTwidth=\dimen306
\@CTcaptionskip=\dimen307
\@dfltCTcaptionskip=\dimen308
\@CTmaxwidth=\dimen309
\@dfltCTmaxwidth=\dimen310
\@CTmincapwidth=\dimen311
\@dfltCTmincapwidth=\dimen312
\@CTfooterwidth=\dimen313
\@dfltCTfooterwidth=\dimen314
\@CTw=\dimen315
\@CTfloatwidth=\dimen316
\@CToldsep=\dimen317
\@CToldrule=\dimen318
\CT@t=\box69
\@CTcurftwidth=\dimen319
) (/usr/share/texlive/texmf-dist/tex/latex/multirow/multirow.sty
Package: multirow 2016/11/25 v2.2 Span multiple rows of a table
\multirow@colwidth=\skip77
\multirow@cntb=\count266
\multirow@dima=\skip78
\bigstrutjot=\dimen320
) (/usr/share/texlive/texmf-dist/tex/latex/seqsplit/seqsplit.sty
Package: seqsplit 2006/08/07 v0.1 Splitting long sequences (DNA, RNA, proteins, etc.) 
) (/usr/share/texlive/texmf-dist/tex/latex/base/fontenc.sty
Package: fontenc 2017/02/22 v2.0g Standard LaTeX package
) (/usr/share/texlive/texmf-dist/tex/latex/wrapfig/wrapfig.sty
\wrapoverhang=\dimen321
\WF@size=\dimen322
\c@WF@wrappedlines=\count267
\WF@box=\box70
\WF@everypar=\toks52
Package: wrapfig 2003/01/31  v 3.6
) (/usr/share/texlive/texmf-dist/tex/latex/nowidow/nowidow.sty
Package: nowidow 2011/09/20 1.0 Easily prevent widows and orphans
Package: nowidow 
) (/usr/share/texlive/texmf-dist/tex/latex/minted/minted.sty
Package: minted 2016/10/31 v2.4.1 Yet another Pygments shim for LaTeX
 (/usr/share/texlive/texmf-dist/tex/latex/fvextra/fvextra.sty
Package: fvextra 2016/09/02 v1.2.1 fvextra - extensions and patches for fancyvrb
 (/usr/share/texlive/texmf-dist/tex/latex/fancyvrb/fancyvrb.sty
Package: fancyvrb 2008/02/07
 Style option: `fancyvrb' v2.7a, with DG/SPQR fixes, and firstline=lastline fix <2008/02/07> (tvz)
\FV@CodeLineNo=\count268
\FV@InFile=\read4
\FV@TabBox=\box71
\c@FancyVerbLine=\count269
\FV@StepNumber=\count270
\FV@OutFile=\write6
) (/usr/share/texlive/texmf-dist/tex/latex/upquote/upquote.sty
Package: upquote 2012/04/19 v1.3 upright-quote and grave-accent glyphs in verbatim
) (/usr/share/texlive/texmf-dist/tex/latex/lineno/lineno.sty
Package: lineno 2005/11/02 line numbers on paragraphs v4.41
\linenopenalty=\count271
\output=\toks53
\linenoprevgraf=\count272
\linenumbersep=\dimen323
\linenumberwidth=\dimen324
\c@linenumber=\count273
\c@pagewiselinenumber=\count274
\c@LN@truepage=\count275
\c@internallinenumber=\count276
\c@internallinenumbers=\count277
\quotelinenumbersep=\dimen325
\bframerule=\dimen326
\bframesep=\dimen327
\bframebox=\box72
LaTeX Info: Redefining \\ on input line 3056.
)
\c@FV@TrueTabGroupLevel=\count278
\c@FV@TrueTabCounter=\count279
\FV@TabBox@Group=\box73
\FV@TmpLength=\skip79
\c@FV@HighlightLinesStart=\count280
\c@FV@HighlightLinesStop=\count281
\FV@BreakIndent=\dimen328
\FV@BreakSymbolSepLeft=\dimen329
\FV@BreakSymbolSepRight=\dimen330
\FV@BreakSymbolIndentLeft=\dimen331
\FV@BreakSymbolIndentRight=\dimen332
\c@FancyVerbLineBreakLast=\count282
\FV@LineBox=\box74
\FV@LineIndentBox=\box75
) (/usr/share/texlive/texmf-dist/tex/latex/float/float.sty
Package: float 2001/11/08 v1.3d Float enhancements (AL)
\c@float@type=\count283
\float@exts=\toks54
\float@box=\box76
\@float@everytoks=\toks55
\@floatcapt=\box77
) (/usr/share/texlive/texmf-dist/tex/latex/tools/shellesc.sty
Package: shellesc 2016/06/07 v0.02a unified shell escape interface for LaTeX
Package shellesc Info: Unrestricted shell escape enabled on input line 67.
) (/usr/share/texlive/texmf-dist/tex/latex/ifplatform/ifplatform.sty
Package: ifplatform 2010/10/22 v0.4 Testing for the operating system
 (/usr/share/texlive/texmf-dist/tex/generic/oberdiek/catchfile.sty
Package: catchfile 2016/05/16 v1.7 Catch the contents of a file (HO)
)
runsystem(uname -s > "main.w18")...executed.

 (/home/demuirgos/repos/report/report/National School of Engineers/main.w18)
runsystem(rm -- "main.w18")...executed.

) (/usr/share/texlive/texmf-dist/tex/generic/xstring/xstring.sty (/usr/share/texlive/texmf-dist/tex/generic/xstring/xstring.tex
\@xs@message=\write7
\integerpart=\count284
\decimalpart=\count285
)
Package: xstring 2013/10/13  v1.7c  String manipulations (C Tellechea)
) (/usr/share/texlive/texmf-dist/tex/latex/framed/framed.sty
Package: framed 2011/10/22 v 0.96: framed or shaded text with page breaks
\OuterFrameSep=\skip80
\fb@frw=\dimen333
\fb@frh=\dimen334
\FrameRule=\dimen335
\FrameSep=\dimen336
)
\minted@appexistsfile=\read5
\minted@bgbox=\box78
\minted@code=\write8
\c@minted@FancyVerbLineTemp=\count286
\c@minted@pygmentizecounter=\count287
\@float@every@listing=\toks56
\c@listing=\count288
)
runsystem(mkdir -p _minted-main)...executed.

 (/usr/share/texlive/texmf-dist/tex/latex/tools/longtable.sty
Package: longtable 2014/10/28 v4.11 Multi-page Table package (DPC)
\LTleft=\skip81
\LTright=\skip82
\LTpre=\skip83
\LTpost=\skip84
\LTchunksize=\count289
\LTcapwidth=\dimen337
\LT@head=\box79
\LT@firsthead=\box80
\LT@foot=\box81
\LT@lastfoot=\box82
\LT@cols=\count290
\LT@rows=\count291
\c@LT@tables=\count292
\c@LT@chunks=\count293
\LT@p@ftn=\toks57
) (/usr/share/texlive/texmf-dist/tex/latex/biblatex/biblatex.sty
Package: biblatex 2016/12/05 v3.7 programmable bibliographies (PK/JW/AB)
 (/usr/share/texlive/texmf-dist/tex/latex/logreq/logreq.sty
Package: logreq 2010/08/04 v1.0 xml request logger
\lrq@indent=\count294
 (/usr/share/texlive/texmf-dist/tex/latex/logreq/logreq.def
File: logreq.def 2010/08/04 v1.0 logreq spec v1.0
))
\c@tabx@nest=\count295
\c@listtotal=\count296
\c@listcount=\count297
\c@liststart=\count298
\c@liststop=\count299
\c@citecount=\count300
\c@citetotal=\count301
\c@multicitecount=\count302
\c@multicitetotal=\count303
\c@instcount=\count304
\c@maxnames=\count305
\c@minnames=\count306
\c@maxitems=\count307
\c@minitems=\count308
\c@citecounter=\count309
\c@savedcitecounter=\count310
\c@uniquelist=\count311
\c@uniquename=\count312
\c@refsection=\count313
\c@refsegment=\count314
\c@maxextratitle=\count315
\c@maxextratitleyear=\count316
\c@maxextrayear=\count317
\c@maxextraalpha=\count318
\c@abbrvpenalty=\count319
\c@highnamepenalty=\count320
\c@lownamepenalty=\count321
\c@maxparens=\count322
\c@parenlevel=\count323
\blx@tempcnta=\count324
\blx@tempcntb=\count325
\blx@tempcntc=\count326
\blx@maxsection=\count327
\blx@maxsegment@0=\count328
\blx@notetype=\count329
\blx@parenlevel@text=\count330
\blx@parenlevel@foot=\count331
\blx@sectionciteorder@0=\count332
\labelnumberwidth=\skip85
\labelalphawidth=\skip86
\biblabelsep=\skip87
\bibitemsep=\skip88
\bibnamesep=\skip89
\bibinitsep=\skip90
\bibparsep=\skip91
\bibhang=\skip92
\blx@bcfin=\read6
\blx@bcfout=\write9
\c@mincomprange=\count333
\c@maxcomprange=\count334
\c@mincompwidth=\count335
Package biblatex Info: Trying to load biblatex default data model...
Package biblatex Info: ... file 'blx-dm.def' found.
 (/usr/share/texlive/texmf-dist/tex/latex/biblatex/blx-dm.def)
Package biblatex Info: Trying to load biblatex custom data model...
Package biblatex Info: ... file 'biblatex-dm.cfg' not found.
\c@afterword=\count336
\c@savedafterword=\count337
\c@annotator=\count338
\c@savedannotator=\count339
\c@author=\count340
\c@savedauthor=\count341
\c@bookauthor=\count342
\c@savedbookauthor=\count343
\c@commentator=\count344
\c@savedcommentator=\count345
\c@editor=\count346
\c@savededitor=\count347
\c@editora=\count348
\c@savededitora=\count349
\c@editorb=\count350
\c@savededitorb=\count351
\c@editorc=\count352
\c@savededitorc=\count353
\c@foreword=\count354
\c@savedforeword=\count355
\c@holder=\count356
\c@savedholder=\count357
\c@introduction=\count358
\c@savedintroduction=\count359
\c@namea=\count360
\c@savednamea=\count361
\c@nameb=\count362
\c@savednameb=\count363
\c@namec=\count364
\c@savednamec=\count365
\c@translator=\count366
\c@savedtranslator=\count367
\c@shortauthor=\count368
\c@savedshortauthor=\count369
\c@shorteditor=\count370
\c@savedshorteditor=\count371
\c@labelname=\count372
\c@savedlabelname=\count373
\c@institution=\count374
\c@savedinstitution=\count375
\c@lista=\count376
\c@savedlista=\count377
\c@listb=\count378
\c@savedlistb=\count379
\c@listc=\count380
\c@savedlistc=\count381
\c@listd=\count382
\c@savedlistd=\count383
\c@liste=\count384
\c@savedliste=\count385
\c@listf=\count386
\c@savedlistf=\count387
\c@location=\count388
\c@savedlocation=\count389
\c@organization=\count390
\c@savedorganization=\count391
\c@origlocation=\count392
\c@savedoriglocation=\count393
\c@origpublisher=\count394
\c@savedorigpublisher=\count395
\c@publisher=\count396
\c@savedpublisher=\count397
\c@language=\count398
\c@savedlanguage=\count399
\c@pageref=\count400
\c@savedpageref=\count401
\shorthandwidth=\skip93
\shortjournalwidth=\skip94
\shortserieswidth=\skip95
\shorttitlewidth=\skip96
\shortauthorwidth=\skip97
\shorteditorwidth=\skip98
Package biblatex Info: Trying to load compatibility code...
Package biblatex Info: ... file 'blx-compat.def' found.
 (/usr/share/texlive/texmf-dist/tex/latex/biblatex/blx-compat.def
File: blx-compat.def 2016/12/05 v3.7 biblatex compatibility (PK/JW/AB)
)
Package biblatex Info: Trying to load BibTeX backend compatibility...
Package biblatex Info: ... file 'blx-bibtex.def' found.
 (/usr/share/texlive/texmf-dist/tex/latex/biblatex/blx-bibtex.def
File: blx-bibtex.def 2016/12/05 v3.7 biblatex compatibility (PK/JW/AB)
)
Package biblatex Info: Trying to load generic definitions...
Package biblatex Info: ... file 'biblatex.def' found.
 (/usr/share/texlive/texmf-dist/tex/latex/biblatex/biblatex.def
File: biblatex.def 2016/12/05 v3.7 biblatex compatibility (PK/JW/AB)
\c@textcitecount=\count402
\c@textcitetotal=\count403
\c@textcitemaxnames=\count404
\c@biburlnumpenalty=\count405
\c@biburlucpenalty=\count406
\c@biburllcpenalty=\count407
\c@smartand=\count408
)
Package biblatex Info: Trying to load bibliography style 'numeric'...
Package biblatex Info: ... file 'numeric.bbx' found.
 (/usr/share/texlive/texmf-dist/tex/latex/biblatex/bbx/numeric.bbx
File: numeric.bbx 2016/12/05 v3.7 biblatex bibliography style (PK/JW/AB)
Package biblatex Info: Trying to load bibliography style 'standard'...
Package biblatex Info: ... file 'standard.bbx' found.
 (/usr/share/texlive/texmf-dist/tex/latex/biblatex/bbx/standard.bbx
File: standard.bbx 2016/12/05 v3.7 biblatex bibliography style (PK/JW/AB)
\c@bbx:relatedcount=\count409
\c@bbx:relatedtotal=\count410
))
Package biblatex Info: Trying to load citation style 'numeric'...
Package biblatex Info: ... file 'numeric.cbx' found.
 (/usr/share/texlive/texmf-dist/tex/latex/biblatex/cbx/numeric.cbx
File: numeric.cbx 2016/12/05 v3.7 biblatex citation style (PK/JW/AB)
Package biblatex Info: Redefining '\cite'.
Package biblatex Info: Redefining '\parencite'.
Package biblatex Info: Redefining '\footcite'.
Package biblatex Info: Redefining '\footcitetext'.
Package biblatex Info: Redefining '\smartcite'.
Package biblatex Info: Redefining '\supercite'.
Package biblatex Info: Redefining '\textcite'.
Package biblatex Info: Redefining '\textcites'.
Package biblatex Info: Redefining '\cites'.
Package biblatex Info: Redefining '\parencites'.
Package biblatex Info: Redefining '\smartcites'.
)
Package biblatex Info: Trying to load configuration file...
Package biblatex Info: ... file 'biblatex.cfg' found.
 (/usr/share/texlive/texmf-dist/tex/latex/biblatex/biblatex.cfg
File: biblatex.cfg 
))
\@input{000-commands.aux}
\openout2 = `000-commands.aux'.

(/home/demuirgos/repos/report/report/National School of Engineers/000-commands.tex)
runsystem(which pygmentize && touch main.aex)...executed.

runsystem(rm main.aex)...executed.

Package biblatex Info: Trying to load language 'english'...
Package biblatex Info: ... file 'english.lbx' found.
 (/usr/share/texlive/texmf-dist/tex/latex/biblatex/lbx/english.lbx
File: english.lbx 2016/12/05 v3.7 biblatex localization (PK/JW/AB)
)
\@quotelevel=\count411
\@quotereset=\count412
 (/home/demuirgos/repos/report/report/National School of Engineers/main.aux (/home/demuirgos/repos/report/report/National School of Engineers/002-top_matter.aux) (/home/demuirgos/repos/report/report/National School of Engineers/003-thanks.aux) (/home/demuirgos/repos/report/report/National School of Engineers/005-Abstract.aux) (/home/demuirgos/repos/report/report/National School of Engineers/005-introduction.aux) (/home/demuirgos/repos/report/report/National School of Engineers/004-chapter1.aux) (/home/demuirgos/repos/report/report/National School of Engineers/004-chapter2.aux) (/home/demuirgos/repos/report/report/National School of Engineers/004-chapter3.aux) (/home/demuirgos/repos/report/report/National School of Engineers/004-chapter4.aux) (/home/demuirgos/repos/report/report/National School of Engineers/005-conclusion.aux) (/home/demuirgos/repos/report/report/National School of Engineers/007-references.aux))
\openout1 = `main.aux'.

LaTeX Font Info:    Checking defaults for OML/cmm/m/it on input line 67.
LaTeX Font Info:    ... okay on input line 67.
LaTeX Font Info:    Checking defaults for T1/cmr/m/n on input line 67.
LaTeX Font Info:    ... okay on input line 67.
LaTeX Font Info:    Checking defaults for OT1/cmr/m/n on input line 67.
LaTeX Font Info:    ... okay on input line 67.
LaTeX Font Info:    Checking defaults for OMS/cmsy/m/n on input line 67.
LaTeX Font Info:    ... okay on input line 67.
LaTeX Font Info:    Checking defaults for OMX/cmex/m/n on input line 67.
LaTeX Font Info:    ... okay on input line 67.
LaTeX Font Info:    Checking defaults for U/cmr/m/n on input line 67.
LaTeX Font Info:    ... okay on input line 67.
LaTeX Font Info:    Checking defaults for PD1/pdf/m/n on input line 67.
LaTeX Font Info:    ... okay on input line 67.
LaTeX Font Info:    Try loading font information for OT1+ptm on input line 67.
 (/usr/share/texlive/texmf-dist/tex/latex/psnfss/ot1ptm.fd
File: ot1ptm.fd 2001/06/04 font definitions for OT1/ptm.
)
*geometry* driver: auto-detecting
*geometry* detected driver: pdftex
*geometry* verbose mode - [ preamble ] result:
* driver: pdftex
* paper: a4paper
* layout: <same size as paper>
* layoutoffset:(h,v)=(0.0pt,0.0pt)
* modes: 
* h-part:(L,W,R)=(71.13188pt, 455.24411pt, 71.13188pt)
* v-part:(T,H,B)=(71.13188pt, 702.78308pt, 71.13188pt)
* \paperwidth=597.50787pt
* \paperheight=845.04684pt
* \textwidth=455.24411pt
* \textheight=702.78308pt
* \oddsidemargin=-1.1381pt
* \evensidemargin=-1.1381pt
* \topmargin=-38.1381pt
* \headheight=12.0pt
* \headsep=25.0pt
* \topskip=12.0pt
* \footskip=30.0pt
* \marginparwidth=35.0pt
* \marginparsep=10.0pt
* \columnsep=10.0pt
* \skip\footins=10.8pt plus 4.0pt minus 2.0pt
* \hoffset=0.0pt
* \voffset=0.0pt
* \mag=1000
* \@twocolumnfalse
* \@twosidefalse
* \@mparswitchfalse
* \@reversemarginfalse
* (1in=72.27pt=25.4mm, 1cm=28.453pt)

(/usr/share/texlive/texmf-dist/tex/context/base/mkii/supp-pdf.mkii
[Loading MPS to PDF converter (version 2006.09.02).]
\scratchcounter=\count413
\scratchdimen=\dimen338
\scratchbox=\box83
\nofMPsegments=\count414
\nofMParguments=\count415
\everyMPshowfont=\toks58
\MPscratchCnt=\count416
\MPscratchDim=\dimen339
\MPnumerator=\count417
\makeMPintoPDFobject=\count418
\everyMPtoPDFconversion=\toks59
) (/usr/share/texlive/texmf-dist/tex/latex/oberdiek/epstopdf-base.sty
Package: epstopdf-base 2016/05/15 v2.6 Base part for package epstopdf
 (/usr/share/texlive/texmf-dist/tex/latex/oberdiek/grfext.sty
Package: grfext 2016/05/16 v1.2 Manage graphics extensions (HO)
)
Package epstopdf-base Info: Redefining graphics rule for `.eps' on input line 438.
Package grfext Info: Graphics extension search list:
(grfext)             [.png,.pdf,.jpg,.mps,.jpeg,.jbig2,.jb2,.PNG,.PDF,.JPG,.JPEG,.JBIG2,.JB2,.eps]
(grfext)             \AppendGraphicsExtensions on input line 456.
 (/usr/share/texlive/texmf-dist/tex/latex/latexconfig/epstopdf-sys.cfg
File: epstopdf-sys.cfg 2010/07/13 v1.3 Configuration of (r)epstopdf for TeX Live
))
Package caption Info: Begin \AtBeginDocument code.
Package caption Info: float package is loaded.
Package caption Info: hyperref package is loaded.
Package caption Info: longtable package is loaded.
 (/usr/share/texlive/texmf-dist/tex/latex/caption/ltcaption.sty
Package: ltcaption 2013/06/09 v1.4-94 longtable captions (AR)
)
Package caption Info: rotating package is loaded.
Package caption Info: wrapfig package is loaded.
Package caption Info: End \AtBeginDocument code.
Package caption Info: We need package `ragged2e' on input line 67.
 (/usr/share/texlive/texmf-dist/tex/latex/ms/ragged2e.sty
Package: ragged2e 2009/05/21 v2.1 ragged2e Package (MS)
 (/usr/share/texlive/texmf-dist/tex/latex/ms/everysel.sty
Package: everysel 2011/10/28 v1.2 EverySelectfont Package (MS)
 ABD: EverySelectfont initializing macros
LaTeX Info: Redefining \selectfont on input line 126.
)
\CenteringLeftskip=\skip99
\RaggedLeftLeftskip=\skip100
\RaggedRightLeftskip=\skip101
\CenteringRightskip=\skip102
\RaggedLeftRightskip=\skip103
\RaggedRightRightskip=\skip104
\CenteringParfillskip=\skip105
\RaggedLeftParfillskip=\skip106
\RaggedRightParfillskip=\skip107
\JustifyingParfillskip=\skip108
\CenteringParindent=\skip109
\RaggedLeftParindent=\skip110
\RaggedRightParindent=\skip111
\JustifyingParindent=\skip112
)
\AtBeginShipoutBox=\box84
Package hyperref Info: Link coloring OFF on input line 67.
 (/usr/share/texlive/texmf-dist/tex/latex/hyperref/nameref.sty
Package: nameref 2016/05/21 v2.44 Cross-referencing by name of section
 (/usr/share/texlive/texmf-dist/tex/generic/oberdiek/gettitlestring.sty
Package: gettitlestring 2016/05/16 v1.5 Cleanup title references (HO)
)
\c@section@level=\count419
LaTeX Info: Redefining \Ref on input line 515.
)
LaTeX Info: Redefining \ref on input line 67.
LaTeX Info: Redefining \pageref on input line 67.
LaTeX Info: Redefining \nameref on input line 67.
 (/home/demuirgos/repos/report/report/National School of Engineers/main.out) (/home/demuirgos/repos/report/report/National School of Engineers/main.out)
\@outlinefile=\write10
\openout10 = `main.out'.

LaTeX Info: Redefining \Ref on input line 67.
 (/usr/share/texlive/texmf-dist/tex/latex/oberdiek/pdflscape.sty
Package: pdflscape 2016/05/14 v0.11 Display of landscape pages in PDF (HO)
 (/usr/share/texlive/texmf-dist/tex/latex/graphics/lscape.sty
Package: lscape 2000/10/22 v3.01 Landscape Pages (DPC)
)
Package pdflscape Info: Auto-detected driver: pdftex on input line 81.
) ABD: EveryShipout initializing macros (/usr/share/texlive/texmf-dist/tex/latex/translations/translations-basic-dictionary-english.trsl
File: translations-basic-dictionary-english.trsl (english translation file `translations-basic-dictionary')
)
Package translations Info: loading dictionary `translations-basic-dictionary' for `english'. on input line 67.
Package biblatex Info: No input encoding detected.
(biblatex)             Assuming 'ascii'.
Package biblatex Info: Automatic encoding selection.
(biblatex)             Assuming data encoding 'ascii'.
Package biblatex Info: Input encoding 'ascii' specified.
Package biblatex Info: Data encoding 'ascii' specified.
(biblatex)             No need to reencode data.
\openout9 = `main-blx.bib'.

Package biblatex Info: Trying to load bibliographic data...
Package biblatex Info: ... file 'main.bbl' not found.

No file main.bbl.
Package biblatex Info: Reference section=0 on input line 67.
Package biblatex Info: Reference segment=0 on input line 67.
\openout2 = `002-top_matter.aux'.

(/home/demuirgos/repos/report/report/National School of Engineers/002-top_matter.tex <./Images/ensatetouan.png, id=208, 676.77844pt x 653.44125pt>
File: ./Images/ensatetouan.png Graphic file (type png)
 <use ./Images/ensatetouan.png>
Package pdftex.def Info: ./Images/ensatetouan.png used on input line 29.
(pdftex.def)             Requested size: 94.29395pt x 91.04742pt.
LaTeX Font Info:    Font shape `OT1/ptm/bx/n' in size <32> not available
(Font)              Font shape `OT1/ptm/b/n' tried instead on input line 36.
LaTeX Font Info:    Font shape `OT1/ptm/bx/sc' in size <32> not available
(Font)              Font shape `OT1/ptm/b/sc' tried instead on input line 36.
LaTeX Font Info:    Font shape `OT1/ptm/bx/n' in size <12> not available
(Font)              Font shape `OT1/ptm/b/n' tried instead on input line 43.
LaTeX Font Info:    Font shape `OT1/ptm/bx/n' in size <17.28> not available
(Font)              Font shape `OT1/ptm/b/n' tried instead on input line 43.
LaTeX Font Info:    Font shape `OT1/ptm/bx/n' in size <27> not available
(Font)              Font shape `OT1/ptm/b/n' tried instead on input line 56.
 <./Images/Nethermind.png, id=209, 444.91219pt x 264.23718pt>
File: ./Images/Nethermind.png Graphic file (type png)
 <use ./Images/Nethermind.png>
Package pdftex.def Info: ./Images/Nethermind.png used on input line 62.
(pdftex.def)             Requested size: 76.65239pt x 45.52718pt.
LaTeX Font Info:    Font shape `OT1/ptm/bx/n' in size <18> not available
(Font)              Font shape `OT1/ptm/b/n' tried instead on input line 67.
LaTeX Font Info:    Font shape `OT1/ptm/bx/sc' in size <18> not available
(Font)              Font shape `OT1/ptm/b/sc' tried instead on input line 67.
LaTeX Font Info:    External font `cmex10' loaded for size
(Font)              <12> on input line 77.
LaTeX Font Info:    External font `cmex10' loaded for size
(Font)              <8> on input line 77.
LaTeX Font Info:    External font `cmex10' loaded for size
(Font)              <6> on input line 77.
 [1




{/var/lib/texmf/fonts/map/pdftex/updmap/pdftex.map} <./Images/ensatetouan.png> <./Images/Nethermind.png>])
\openout2 = `003-thanks.aux'.

 (/home/demuirgos/repos/report/report/National School of Engineers/003-thanks.tex
LaTeX Font Info:    Font shape `OT1/ptm/bx/n' in size <26> not available
(Font)              Font shape `OT1/ptm/b/n' tried instead on input line 6.
LaTeX Font Info:    Font shape `OT1/ptm/bx/n' in size <24.88> not available
(Font)              Font shape `OT1/ptm/b/n' tried instead on input line 6.
LaTeX Font Info:    Calculating math sizes for size <26> on input line 6.
LaTeX Font Info:    External font `cmex10' loaded for size
(Font)              <26> on input line 6.
LaTeX Font Info:    External font `cmex10' loaded for size
(Font)              <18.19992> on input line 6.
LaTeX Font Info:    External font `cmex10' loaded for size
(Font)              <13> on input line 6.

Underfull \hbox (badness 10000) in paragraph at lines 6--6

 []

pdfTeX warning (ext4): destination with the same identifier (name{page.i}) has been already used, duplicate ignored
<to be read again> 
                   \relax 
l.30 \cleardoublepage
                     % [1




]
Underfull \hbox (badness 10000) in paragraph at lines 32--32

 []

Missing character: There is no ‚ in font ptmr7t!
Missing character: There is no Ä in font ptmr7t!
Missing character: There is no ô in font ptmr7t!
Missing character: There is no ≈ in font ptmr7t!
Missing character: There is no Ç in font ptmr7t!
Missing character: There is no ƒ in font ptmr7t!
Missing character: There is no ô in font ptmr7t!
Missing character: There is no ≈ in font ptmr7t!
Missing character: There is no ∫ in font ptmr7t!
) [2


]
\openout2 = `005-Abstract.aux'.

 (/home/demuirgos/repos/report/report/National School of Engineers/005-Abstract.tex
Underfull \hbox (badness 10000) in paragraph at lines 9--9

 []

[3




]
Underfull \hbox (badness 10000) in paragraph at lines 26--26

 []

Missing character: There is no √ in font ptmr7t!
Missing character: There is no ß in font ptmr7t!

Overfull \hbox (29.9706pt too wide) in paragraph at lines 30--40
\OT1/ptm/m/n/12 Le m[]etaverse depuis sa cr[]eation a []et[]e un int[]eressant et un crois-sant tech-nolo-gie, m[]elant com-mu-ni-ca-tion
 []

[4


])
Underfull \hbox (badness 10000) in paragraph at lines 150--150

 []

(/home/demuirgos/repos/report/report/National School of Engineers/main.lof [5




] [6])
\tf@lof=\write11
\openout11 = `main.lof'.

 [7]
Underfull \hbox (badness 10000) in paragraph at lines 150--150

 []

[8


] [9]
Underfull \hbox (badness 10000) in paragraph at lines 150--150

 []

(/home/demuirgos/repos/report/report/National School of Engineers/main.toc [10


] [11])
\tf@toc=\write12
\openout12 = `main.toc'.

 [12]
\openout2 = `005-introduction.aux'.

 (/home/demuirgos/repos/report/report/National School of Engineers/005-introduction.tex
Underfull \hbox (badness 10000) in paragraph at lines 9--9

 []

Missing character: There is no ‚ in font ptmr7t!
Missing character: There is no Ä in font ptmr7t!
Missing character: There is no Ø in font ptmr7t!

Underfull \hbox (badness 10000) in paragraph at lines 13--20

 []

LaTeX Font Info:    Try loading font information for OMS+ptm on input line 20.
(/usr/share/texlive/texmf-dist/tex/latex/psnfss/omsptm.fd
File: omsptm.fd 
)
LaTeX Font Info:    Font shape `OMS/ptm/m/n' in size <12> not available
(Font)              Font shape `OMS/cmsy/m/n' tried instead on input line 20.
 [1



]) [2]
\openout2 = `004-chapter1.aux'.

 (/home/demuirgos/repos/report/report/National School of Engineers/004-chapter1.tex
Chapter 1.

Underfull \hbox (badness 10000) in paragraph at lines 1--1

 []

[3




]
LaTeX Font Info:    Font shape `OT1/ptm/bx/it' in size <17.28> not available
(Font)              Font shape `OT1/ptm/b/it' tried instead on input line 16.
LaTeX Font Info:    Font shape `OT1/ptm/bx/n' in size <14.4> not available
(Font)              Font shape `OT1/ptm/b/n' tried instead on input line 19.
Missing character: There is no ‚ in font ptmr7t!
Missing character: There is no Ä in font ptmr7t!
Missing character: There is no ô in font ptmr7t!
File: ./Images/Nethermind.png Graphic file (type png)
 <use ./Images/Nethermind.png>
Package pdftex.def Info: ./Images/Nethermind.png used on input line 24.
(pdftex.def)             Requested size: 204.85846pt x 121.6675pt.
 <./Images/NethermindActs.png, id=445, 613.29124pt x 352.31625pt>
File: ./Images/NethermindActs.png Graphic file (type png)
 <use ./Images/NethermindActs.png>
Package pdftex.def Info: ./Images/NethermindActs.png used on input line 32.
(pdftex.def)             Requested size: 435.85158pt x 250.38564pt.
Missing character: There is no ‚ in font ptmr7t!
Missing character: There is no Ä in font ptmr7t!
Missing character: There is no ô in font ptmr7t!
Missing character: There is no ‚ in font ptmr7t!
Missing character: There is no Ä in font ptmr7t!
Missing character: There is no ô in font ptmr7t!
 [4 <./Images/NethermindActs.png>]
Missing character: There is no ‚ in font ptmr7t!
Missing character: There is no Ä in font ptmr7t!
Missing character: There is no ô in font ptmr7t!
Missing character: There is no ¬ in font ptmr7t!
Missing character: There is no ´ in font ptmr7t!
Missing character: There is no ¬ in font ptmr7t!
Missing character: There is no ª in font ptmr7t!
Missing character: There is no ‚ in font ptmr7t!
Missing character: There is no Ä in font ptmr7t!
Missing character: There is no ô in font ptmr7t!
LaTeX Font Info:    Font shape `OMS/ptm/bx/n' in size <12> not available
(Font)              Font shape `OMS/cmsy/m/n' tried instead on input line 44.
 <./Images/Team-Hierarchy.jpg, id=451, 446.8695pt x 248.72925pt>
File: ./Images/Team-Hierarchy.jpg Graphic file (type jpg)
 <use ./Images/Team-Hierarchy.jpg>
Package pdftex.def Info: ./Images/Team-Hierarchy.jpg used on input line 58.
(pdftex.def)             Requested size: 368.06502pt x 204.85846pt.
Missing character: There is no ‚ in font ptmr7t!
Missing character: There is no Ä in font ptmr7t!
Missing character: There is no ô in font ptmr7t!
 [5 <./Images/Team-Hierarchy.jpg>] <tasks-methodology.jpeg, id=456, 1701.35625pt x 886.31125pt>
File: tasks-methodology.jpeg Graphic file (type jpg)
 <use tasks-methodology.jpeg>
Package pdftex.def Info: tasks-methodology.jpeg used on input line 74.
(pdftex.def)             Requested size: 569.05513pt x 296.44615pt.

Overfull \hbox (113.81102pt too wide) in paragraph at lines 74--75
[][] 
 []

[6] <./Images/task-life-cycle.png, id=462, 451.6875pt x 379.4175pt>
File: ./Images/task-life-cycle.png Graphic file (type png)
 <use ./Images/task-life-cycle.png>
Package pdftex.def Info: ./Images/task-life-cycle.png used on input line 79.
(pdftex.def)             Requested size: 455.24411pt x 382.42706pt.

Underfull \hbox (badness 10000) in paragraph at lines 77--81

 []

[7 </home/demuirgos/repos/report/report/National School of Engineers/tasks-methodology.jpeg>] [8 <./Images/task-life-cycle.png>]
Missing character: There is no ‚ in font ptmr7t!
Missing character: There is no Ä in font ptmr7t!
Missing character: There is no ô in font ptmr7t!

Overfull \hbox (47.70468pt too wide) in paragraph at lines 138--161
 [] 
 []

[9] <./Images/Ganttz.png, id=475, 883.3pt x 648.4225pt>
File: ./Images/Ganttz.png Graphic file (type png)
 <use ./Images/Ganttz.png>
Package pdftex.def Info: ./Images/Ganttz.png used on input line 166.
(pdftex.def)             Requested size: 455.24411pt x 334.19362pt.
 [10]
Missing character: There is no ‚ in font ptmr7t!
Missing character: There is no Ä in font ptmr7t!
Missing character: There is no ô in font ptmr7t!
Missing character: There is no ‚ in font ptmr7t!
Missing character: There is no Ä in font ptmr7t!
Missing character: There is no ù in font ptmr7t!
Missing character: There is no ‚ in font ptmr7t!
Missing character: There is no Ä in font ptmr7t!
Missing character: There is no ù in font ptmr7t!
) [11 <./Images/Ganttz.png (PNG copy)>]
\openout2 = `004-chapter2.aux'.

 (/home/demuirgos/repos/report/report/National School of Engineers/004-chapter2.tex
Chapter 2.

Underfull \hbox (badness 10000) in paragraph at lines 1--1

 []


Underfull \hbox (badness 1097) in paragraph at lines 4--16
\OT1/ptm/m/n/12 When it comes to func-tional needs the soft-ware as ev-ery other soft-ware needs to be
 []

[12




] <./Images/usecase-chart1.png, id=490, 624.3325pt x 733.74126pt>
File: ./Images/usecase-chart1.png Graphic file (type png)
 <use ./Images/usecase-chart1.png>
Package pdftex.def Info: ./Images/usecase-chart1.png used on input line 36.
(pdftex.def)             Requested size: 290.5212pt x 341.43307pt.

Underfull \hbox (badness 10000) in paragraph at lines 33--38

 []

[13] [14 <./Images/usecase-chart1.png>] [15] <./Images/"seqdiag/User registration".png, id=509, 295.1025pt x 357.335pt>
File: ./Images/"seqdiag/User registration".png Graphic file (type png)
 <use ./Images/"seqdiag/User registration".png>
Package pdftex.def Info: ./Images/"seqdiag/User registration".png used on input line 108.
(pdftex.def)             Requested size: 112.78851pt x 136.57462pt.
 [16 <./Images/seqdiag/User registration.png (PNG copy)>] [17] <./Images/"seqdiag/User Authentication".png, id=520, 397.485pt x 579.16376pt>
File: ./Images/"seqdiag/User Authentication".png Graphic file (type png)
 <use ./Images/"seqdiag/User Authentication".png>
Package pdftex.def Info: ./Images/"seqdiag/User Authentication".png used on input line 148.
(pdftex.def)             Requested size: 234.3261pt x 341.43307pt.
 [18 <./Images/seqdiag/User Authentication.png (PNG copy)>] [19] <./Images/"seqdiag/User logout".png, id=532, 254.9525pt x 370.38374pt>
File: ./Images/"seqdiag/User logout".png Graphic file (type png)
 <use ./Images/"seqdiag/User logout".png>
Package pdftex.def Info: ./Images/"seqdiag/User logout".png used on input line 188.
(pdftex.def)             Requested size: 235.02596pt x 341.43307pt.
 [20 <./Images/seqdiag/User logout.png (PNG copy)>] <./Images/"seqdiag/User Room join".png, id=537, 325.215pt x 340.27126pt>
File: ./Images/"seqdiag/User Room join".png Graphic file (type png)
 <use ./Images/"seqdiag/User Room join".png>
Package pdftex.def Info: ./Images/"seqdiag/User Room join".png used on input line 225.
(pdftex.def)             Requested size: 130.5303pt x 136.57462pt.
 [21 <./Images/seqdiag/User Room join.png (PNG copy)>] [22] <./Images/"seqdiag/User Room exploration".png, id=548, 302.12875pt x 384.43625pt>
File: ./Images/"seqdiag/User Room exploration".png Graphic file (type png)
 <use ./Images/"seqdiag/User Room exploration".png>
Package pdftex.def Info: ./Images/"seqdiag/User Room exploration".png used on input line 266.
(pdftex.def)             Requested size: 268.34975pt x 341.43307pt.
 [23 <./Images/seqdiag/User Room exploration.png (PNG copy)>] <./Images/"seqdiag/User Room leave".png, id=553, 303.1325pt x 357.335pt>
File: ./Images/"seqdiag/User Room leave".png Graphic file (type png)
 <use ./Images/"seqdiag/User Room leave".png>
Package pdftex.def Info: ./Images/"seqdiag/User Room leave".png used on input line 303.
(pdftex.def)             Requested size: 135.16875pt x 159.33821pt.
 [24 <./Images/seqdiag/User Room leave.png (PNG copy)>] [25] <./Images/"seqdiag/User Interaction".png, id=565, 465.74pt x 353.32pt>
File: ./Images/"seqdiag/User Interaction".png Graphic file (type png)
 <use ./Images/"seqdiag/User Interaction".png>
Package pdftex.def Info: ./Images/"seqdiag/User Interaction".png used on input line 342.
(pdftex.def)             Requested size: 450.07588pt x 341.43307pt.
 [26 <./Images/seqdiag/User Interaction.png (PNG copy)>] [27] <./Images/"seqdiag/Object Interaction".png, id=575, 659.46375pt x 374.39874pt>
File: ./Images/"seqdiag/Object Interaction".png Graphic file (type png)
 <use ./Images/"seqdiag/Object Interaction".png>
Package pdftex.def Info: ./Images/"seqdiag/Object Interaction".png used on input line 383.
(pdftex.def)             Requested size: 601.43114pt x 341.43307pt.

Overfull \hbox (146.18703pt too wide) in paragraph at lines 383--384
 [] 
 []

[28 <./Images/seqdiag/Object Interaction.png (PNG copy)>]) [29]
\openout2 = `004-chapter3.aux'.

 (/home/demuirgos/repos/report/report/National School of Engineers/004-chapter3.tex
Chapter 3.

Underfull \hbox (badness 10000) in paragraph at lines 1--1

 []

[30




] [31] <./Images/ECS9ArchitectureR2.jpeg, id=594, 702.625pt x 526.96875pt>
File: ./Images/ECS9ArchitectureR2.jpeg Graphic file (type jpg)
 <use ./Images/ECS9ArchitectureR2.jpeg>
Package pdftex.def Info: ./Images/ECS9ArchitectureR2.jpeg used on input line 42.
(pdftex.def)             Requested size: 455.26419pt x 341.43307pt.
 [32 <./Images/ECS9ArchitectureR2.jpeg>] <./Images/physarch.png, id=600, 272.01625pt x 282.05376pt>
File: ./Images/physarch.png Graphic file (type png)
 <use ./Images/physarch.png>
Package pdftex.def Info: ./Images/physarch.png used on input line 55.
(pdftex.def)             Requested size: 197.5699pt x 204.85846pt.
 <./Images/ActionsDiag.png, id=601, 967.615pt x 1247.66125pt>
File: ./Images/ActionsDiag.png Graphic file (type png)
 <use ./Images/ActionsDiag.png>
Package pdftex.def Info: ./Images/ActionsDiag.png used on input line 62.
(pdftex.def)             Requested size: 441.32857pt x 569.05513pt.
 [33 <./Images/physarch.png>] [34 <./Images/ActionsDiag.png (PNG copy)>] <./Images/clientISdeArch.png, id=611, 282.05376pt x 191.71625pt>
File: ./Images/clientISdeArch.png Graphic file (type png)
 <use ./Images/clientISdeArch.png>
Package pdftex.def Info: ./Images/clientISdeArch.png used on input line 88.
(pdftex.def)             Requested size: 200.93956pt x 136.57462pt.
 [35] <./Images/SysDiagOverview.png, id=616, 1393.205pt x 555.07375pt>
File: ./Images/SysDiagOverview.png Graphic file (type png)
 <use ./Images/SysDiagOverview.png>
Package pdftex.def Info: ./Images/SysDiagOverview.png used on input line 102.
(pdftex.def)             Requested size: 702.78308pt x 280.00087pt.
 <./Images/SystemInteraction.png, id=617, 852.18375pt x 507.8975pt>
File: ./Images/SystemInteraction.png Graphic file (type png)
 <use ./Images/SystemInteraction.png>
Package pdftex.def Info: ./Images/SystemInteraction.png used on input line 111.
(pdftex.def)             Requested size: 381.91875pt x 227.62206pt.
 [36 <./Images/clientISdeArch.png>] [37 <./Images/SysDiagOverview.png (PNG copy)>] <./Images/UserZoned.png, id=630, 1166.3575pt x 828.09375pt>
File: ./Images/UserZoned.png Graphic file (type png)
 <use ./Images/UserZoned.png>
Package pdftex.def Info: ./Images/UserZoned.png used on input line 120.
(pdftex.def)             Requested size: 480.91484pt x 341.43307pt.

Overfull \hbox (25.67073pt too wide) in paragraph at lines 120--121
 [] 
 []

[38 <./Images/SystemInteraction.png (PNG copy)>] <./Images/FileImport.png, id=635, 1063.975pt x 807.015pt>
File: ./Images/FileImport.png Graphic file (type png)
 <use ./Images/FileImport.png>
Package pdftex.def Info: ./Images/FileImport.png used on input line 129.
(pdftex.def)             Requested size: 450.14592pt x 341.43307pt.
 [39 <./Images/UserZoned.png (PNG copy)>]
Underfull \hbox (badness 1789) in paragraph at lines 133--134
[]\OT1/ptm/m/n/12 The com-mu-ni-ca-tion layer re-lies on the []Web Re-al-Time Com-mu-ni-ca-tion (We-bRTC)
 []

<./Images/WebRTCTriangle.png, id=640, 639.89063pt x 389.95688pt>
File: ./Images/WebRTCTriangle.png Graphic file (type png)
 <use ./Images/WebRTCTriangle.png>
Package pdftex.def Info: ./Images/WebRTCTriangle.png used on input line 142.
(pdftex.def)             Requested size: 485.57986pt x 295.90588pt.

Overfull \hbox (30.33575pt too wide) in paragraph at lines 142--143
 [] 
 []


Underfull \hbox (badness 1194) in paragraph at lines 135--144
\OT1/ptm/m/n/12 Pro-gram-ming In-ter-face (API) and set of Pro-to-cols that aims to pro-vide func-tion-al-i-ties
 []

[40 <./Images/FileImport.png (PNG copy)>] <./Images/P2P.png, id=646, 489.83pt x 453.695pt>
File: ./Images/P2P.png Graphic file (type png)
 <use ./Images/P2P.png>
Package pdftex.def Info: ./Images/P2P.png used on input line 148.
(pdftex.def)             Requested size: 172.02605pt x 159.33821pt.
 <./Images/WebrtcProc.png, id=647, 587.19376pt x 405.515pt>
File: ./Images/WebrtcProc.png Graphic file (type png)
 <use ./Images/WebrtcProc.png>
Package pdftex.def Info: ./Images/WebrtcProc.png used on input line 157.
(pdftex.def)             Requested size: 428.4866pt x 295.90588pt.
 [41 <./Images/WebRTCTriangle.png> <./Images/P2P.png>] [42 <./Images/WebrtcProc.png (PNG copy)>] <./Images/ServerArch.png, id=659, 614.295pt x 292.09125pt>
File: ./Images/ServerArch.png Graphic file (type png)
 <use ./Images/ServerArch.png>
Package pdftex.def Info: ./Images/ServerArch.png used on input line 173.
(pdftex.def)             Requested size: 455.24411pt x 216.46503pt.
 [43 <./Images/ServerArch.png>] <./Images/filesDBseq.png, id=665, 549.05125pt x 466.74374pt>
File: ./Images/filesDBseq.png Graphic file (type png)
 <use ./Images/filesDBseq.png>
Package pdftex.def Info: ./Images/filesDBseq.png used on input line 184.
(pdftex.def)             Requested size: 455.24411pt x 387.0055pt.
 <./Images/authService.png, id=666, 546.04pt x 680.5425pt>
File: ./Images/authService.png Graphic file (type png)
 <use ./Images/authService.png>
Package pdftex.def Info: ./Images/authService.png used on input line 193.
(pdftex.def)             Requested size: 386.96027pt x 482.27473pt.
 [44 <./Images/filesDBseq.png (PNG copy)>] [45 <./Images/authService.png (PNG copy)>] <./Images/signalingAnimations.png, id=678, 625.33624pt x 311.1625pt>
File: ./Images/signalingAnimations.png Graphic file (type png)
 <use ./Images/signalingAnimations.png>
Package pdftex.def Info: ./Images/signalingAnimations.png used on input line 205.
(pdftex.def)             Requested size: 386.96027pt x 192.55316pt.

Underfull \hbox (badness 10000) in paragraph at lines 200--207

 []

<./Images/networkingTransform.png, id=679, 752.8125pt x 357.335pt>
File: ./Images/networkingTransform.png Graphic file (type png)
 <use ./Images/networkingTransform.png>
Package pdftex.def Info: ./Images/networkingTransform.png used on input line 214.
(pdftex.def)             Requested size: 386.96027pt x 183.68333pt.

Underfull \hbox (badness 10000) in paragraph at lines 209--216

 []

[46 <./Images/signalingAnimations.png (PNG copy)>] <./Images/rtccallinteroplayer.png, id=687, 1373.13pt x 728.7225pt>
File: ./Images/rtccallinteroplayer.png Graphic file (type png)
 <use ./Images/rtccallinteroplayer.png>
Package pdftex.def Info: ./Images/rtccallinteroplayer.png used on input line 234.
(pdftex.def)             Requested size: 702.78308pt x 372.96677pt.
 <./Images/ActualFileImport.png, id=690, 1540.75626pt x 873.2625pt>
File: ./Images/ActualFileImport.png Graphic file (type png)
 <use ./Images/ActualFileImport.png>
Package pdftex.def Info: ./Images/ActualFileImport.png used on input line 250.
(pdftex.def)             Requested size: 702.78308pt x 398.30777pt.
 [47 <./Images/networkingTransform.png (PNG copy)>]) [48] [49 <./Images/rtccallinteroplayer.png (PNG copy)>] [50 <./Images/ActualFileImport.png (PNG copy)>]
\openout2 = `004-chapter4.aux'.

 (/home/demuirgos/repos/report/report/National School of Engineers/004-chapter4.tex
Chapter 4.

Underfull \hbox (badness 10000) in paragraph at lines 1--1

 []

[51




]
Underfull \hbox (badness 2181) in paragraph at lines 24--27
\OT1/ptm/m/n/12 In this Sec-tion we will ex-plore the var-i-ous tools and tech-nolo-gies used dur-ing the
 []

[52] <./Images/VscodeScreenshot.jpg, id=719, 1156.32pt x 619.113pt>
File: ./Images/VscodeScreenshot.jpg Graphic file (type jpg)
 <use ./Images/VscodeScreenshot.jpg>
Package pdftex.def Info: ./Images/VscodeScreenshot.jpg used on input line 38.
(pdftex.def)             Requested size: 386.96027pt x 207.17978pt.

Underfull \hbox (badness 10000) in paragraph at lines 35--40

 []

<./Images/UnityScreenshot.jpg, id=720, 1156.32pt x 614.295pt>
File: ./Images/UnityScreenshot.jpg Graphic file (type jpg)
 <use ./Images/UnityScreenshot.jpg>
Package pdftex.def Info: ./Images/UnityScreenshot.jpg used on input line 45.
(pdftex.def)             Requested size: 386.96027pt x 205.56747pt.
 <./Images/EdgeScreenshot.jpg, id=721, 1156.32pt x 614.295pt>
File: ./Images/EdgeScreenshot.jpg Graphic file (type jpg)
 <use ./Images/EdgeScreenshot.jpg>
Package pdftex.def Info: ./Images/EdgeScreenshot.jpg used on input line 51.
(pdftex.def)             Requested size: 341.43307pt x 181.38417pt.
 [53 <./Images/VscodeScreenshot.jpg> <./Images/UnityScreenshot.jpg>] <./Images/SlackImage.jpeg, id=726, 1701.35625pt x 886.31125pt>
File: ./Images/SlackImage.jpeg Graphic file (type jpg)
 <use ./Images/SlackImage.jpeg>
Package pdftex.def Info: ./Images/SlackImage.jpeg used on input line 62.
(pdftex.def)             Requested size: 341.43307pt x 177.86769pt.

Underfull \hbox (badness 10000) in paragraph at lines 59--64

 []

<./Images/NotionImage.png, id=727, 1204.5pt x 632.3625pt>
File: ./Images/NotionImage.png Graphic file (type png)
 <use ./Images/NotionImage.png>
Package pdftex.def Info: ./Images/NotionImage.png used on input line 68.
(pdftex.def)             Requested size: 341.43307pt x 179.25063pt.

Underfull \hbox (badness 10000) in paragraph at lines 65--70

 []

[54 <./Images/EdgeScreenshot.jpg> <./Images/SlackImage.jpeg>] <./Images/GithubImage.jpeg, id=733, 1276.01718pt x 749.80125pt>
File: ./Images/GithubImage.jpeg Graphic file (type jpg)
 <use ./Images/GithubImage.jpeg>
Package pdftex.def Info: ./Images/GithubImage.jpeg used on input line 74.
(pdftex.def)             Requested size: 341.43307pt x 200.62991pt.

Underfull \hbox (badness 10000) in paragraph at lines 71--76

 []

[55 <./Images/NotionImage.png> <./Images/GithubImage.jpeg>] [56] <./Images/Showcase/FirstScreenApp.jpg, id=743, 1105.12875pt x 563.10374pt>
File: ./Images/Showcase/FirstScreenApp.jpg Graphic file (type jpg)
 <use ./Images/Showcase/FirstScreenApp.jpg>
Package pdftex.def Info: ./Images/Showcase/FirstScreenApp.jpg used on input line 106.
(pdftex.def)             Requested size: 386.96027pt x 197.1666pt.
 <./Images/Showcase/SecondScreenApp.jpg, id=744, 1701.35625pt x 882.29625pt>
File: ./Images/Showcase/SecondScreenApp.jpg Graphic file (type jpg)
 <use ./Images/Showcase/SecondScreenApp.jpg>
Package pdftex.def Info: ./Images/Showcase/SecondScreenApp.jpg used on input line 113.
(pdftex.def)             Requested size: 386.96027pt x 200.66212pt.
 [57 <./Images/Showcase/FirstScreenApp.jpg>] <./Images/Showcase/ThirdScreenApp.jpg, id=749, 1701.35625pt x 890.32625pt>
File: ./Images/Showcase/ThirdScreenApp.jpg Graphic file (type jpg)
 <use ./Images/Showcase/ThirdScreenApp.jpg>
Package pdftex.def Info: ./Images/Showcase/ThirdScreenApp.jpg used on input line 119.
(pdftex.def)             Requested size: 386.96027pt x 202.4884pt.

Underfull \hbox (badness 10000) in paragraph at lines 116--121

 []

<./Images/Showcase/FourthScreenApp.jpg, id=750, 1701.35625pt x 889.3225pt>
File: ./Images/Showcase/FourthScreenApp.jpg Graphic file (type jpg)
 <use ./Images/Showcase/FourthScreenApp.jpg>
Package pdftex.def Info: ./Images/Showcase/FourthScreenApp.jpg used on input line 126.
(pdftex.def)             Requested size: 386.96027pt x 202.26012pt.

Underfull \hbox (badness 10000) in paragraph at lines 122--128

 []

[58 <./Images/Showcase/SecondScreenApp.jpg> <./Images/Showcase/ThirdScreenApp.jpg>] <./Images/Showcase/FifthScreenApp.jpg, id=755, 1701.35625pt x 892.33376pt>
File: ./Images/Showcase/FifthScreenApp.jpg Graphic file (type jpg)
 <use ./Images/Showcase/FifthScreenApp.jpg>
Package pdftex.def Info: ./Images/Showcase/FifthScreenApp.jpg used on input line 132.
(pdftex.def)             Requested size: 386.96027pt x 202.94498pt.
 <./Images/Showcase/sixthScreenApp.jpg, id=756, 1701.35625pt x 885.3075pt>
File: ./Images/Showcase/sixthScreenApp.jpg Graphic file (type jpg)
 <use ./Images/Showcase/sixthScreenApp.jpg>
Package pdftex.def Info: ./Images/Showcase/sixthScreenApp.jpg used on input line 142.
(pdftex.def)             Requested size: 386.96027pt x 201.34697pt.
 [59 <./Images/Showcase/FourthScreenApp.jpg> <./Images/Showcase/FifthScreenApp.jpg>] <./Images/Showcase/sixthAndHalfScreenApp.jpg, id=761, 1276.01718pt x 663.98062pt>
File: ./Images/Showcase/sixthAndHalfScreenApp.jpg Graphic file (type jpg)
 <use ./Images/Showcase/sixthAndHalfScreenApp.jpg>
Package pdftex.def Info: ./Images/Showcase/sixthAndHalfScreenApp.jpg used on input line 148.
(pdftex.def)             Requested size: 386.96027pt x 201.35373pt.
 <./Images/Showcase/EighthScreenApp.jpg, id=762, 1148.49075pt x 575.14874pt>
File: ./Images/Showcase/EighthScreenApp.jpg Graphic file (type jpg)
 <use ./Images/Showcase/EighthScreenApp.jpg>
Package pdftex.def Info: ./Images/Showcase/EighthScreenApp.jpg used on input line 154.
(pdftex.def)             Requested size: 386.96027pt x 193.784pt.
 [60 <./Images/Showcase/sixthScreenApp.jpg> <./Images/Showcase/sixthAndHalfScreenApp.jpg>] <./Images/Showcase/NinthScreenApp.jpg, id=768, 1148.49075pt x 578.16pt>
File: ./Images/Showcase/NinthScreenApp.jpg Graphic file (type jpg)
 <use ./Images/Showcase/NinthScreenApp.jpg>
Package pdftex.def Info: ./Images/Showcase/NinthScreenApp.jpg used on input line 161.
(pdftex.def)             Requested size: 386.96027pt x 194.79857pt.
 <./Images/Showcase/TwelvethScreenApp.jpg, id=769, 1154.51324pt x 579.3645pt>
File: ./Images/Showcase/TwelvethScreenApp.jpg Graphic file (type jpg)
 <use ./Images/Showcase/TwelvethScreenApp.jpg>
Package pdftex.def Info: ./Images/Showcase/TwelvethScreenApp.jpg used on input line 167.
(pdftex.def)             Requested size: 386.96027pt x 194.18776pt.
 [61 <./Images/Showcase/EighthScreenApp.jpg> <./Images/Showcase/NinthScreenApp.jpg>] <./Images/Showcase/EleventhScreenApp.jpg, id=774, 1156.32pt x 579.3645pt>
File: ./Images/Showcase/EleventhScreenApp.jpg Graphic file (type jpg)
 <use ./Images/Showcase/EleventhScreenApp.jpg>
Package pdftex.def Info: ./Images/Showcase/EleventhScreenApp.jpg used on input line 173.
(pdftex.def)             Requested size: 386.96027pt x 193.87834pt.
 [62 <./Images/Showcase/TwelvethScreenApp.jpg> <./Images/Showcase/EleventhScreenApp.jpg>] <./Images/Showcase/AllHandsImage1.png, id=779, 1214.5375pt x 632.3625pt>
File: ./Images/Showcase/AllHandsImage1.png Graphic file (type png)
 <use ./Images/Showcase/AllHandsImage1.png>
Package pdftex.def Info: ./Images/Showcase/AllHandsImage1.png used on input line 181.
(pdftex.def)             Requested size: 386.96027pt x 201.47241pt.
 <./Images/Showcase/AllHandsImage2.png, id=780, 1214.5375pt x 632.3625pt>
File: ./Images/Showcase/AllHandsImage2.png Graphic file (type png)
 <use ./Images/Showcase/AllHandsImage2.png>
Package pdftex.def Info: ./Images/Showcase/AllHandsImage2.png used on input line 186.
(pdftex.def)             Requested size: 386.96027pt x 201.47241pt.
 <./Images/Showcase/ExhibitImage.jpg, id=781, 1132.83224pt x 639.5895pt>
File: ./Images/Showcase/ExhibitImage.jpg Graphic file (type jpg)
 <use ./Images/Showcase/ExhibitImage.jpg>
Package pdftex.def Info: ./Images/Showcase/ExhibitImage.jpg used on input line 193.
(pdftex.def)             Requested size: 386.96027pt x 218.47252pt.
 [63 <./Images/Showcase/AllHandsImage1.png (PNG copy)> <./Images/Showcase/AllHandsImage2.png (PNG copy)>] [64 <./Images/Showcase/ExhibitImage.jpg>] <./Images/benchmark.jpeg, id=790, 1012.5328pt x 539.76656pt>
File: ./Images/benchmark.jpeg Graphic file (type jpg)
 <use ./Images/benchmark.jpeg>
Package pdftex.def Info: ./Images/benchmark.jpeg used on input line 208.
(pdftex.def)             Requested size: 386.96027pt x 206.28296pt.
) [65 <./Images/benchmark.jpeg>] [66]
\openout2 = `005-conclusion.aux'.

 (/home/demuirgos/repos/report/report/National School of Engineers/005-conclusion.tex
Underfull \hbox (badness 10000) in paragraph at lines 6--6

 []

) [67




]
\openout2 = `007-references.aux'.

 (/home/demuirgos/repos/report/report/National School of Engineers/007-references.tex [68



]
Underfull \hbox (badness 10000) in paragraph at lines 11--11

 []

) [69

pdfTeX warning (ext4): destination with the same identifier (name{cite.DotNet}) has been already used, duplicate ignored

\AtBegShi@Output ...ipout \box \AtBeginShipoutBox 
                                                  \fi \fi 
l.150   \end{pfe-enis}
                      ]
Package atveryend Info: Empty hook `BeforeClearDocument' on input line 151.
Package atveryend Info: Empty hook `AfterLastShipout' on input line 151.
 (/home/demuirgos/repos/report/report/National School of Engineers/main.aux (/home/demuirgos/repos/report/report/National School of Engineers/002-top_matter.aux) (/home/demuirgos/repos/report/report/National School of Engineers/003-thanks.aux) (/home/demuirgos/repos/report/report/National School of Engineers/005-Abstract.aux) (/home/demuirgos/repos/report/report/National School of Engineers/005-introduction.aux) (/home/demuirgos/repos/report/report/National School of Engineers/004-chapter1.aux) (/home/demuirgos/repos/report/report/National School of Engineers/004-chapter2.aux) (/home/demuirgos/repos/report/report/National School of Engineers/004-chapter3.aux) (/home/demuirgos/repos/report/report/National School of Engineers/004-chapter4.aux) (/home/demuirgos/repos/report/report/National School of Engineers/005-conclusion.aux) (/home/demuirgos/repos/report/report/National School of Engineers/007-references.aux))
Package atveryend Info: Executing hook `AtVeryEndDocument' on input line 151.
Package atveryend Info: Executing hook `AtEndAfterFileList' on input line 151.
Package rerunfilecheck Info: File `main.out' has not changed.
(rerunfilecheck)             Checksum: 40E4762963D37CB88682A961C2EF440C;3135.
Package logreq Info: Writing requests to 'main.run.xml'.
\openout1 = `main.run.xml'.

Package atveryend Info: Empty hook `AtVeryVeryEnd' on input line 151.
 ) 
Here is how much of TeX's memory you used:
 42694 strings out of 494945
 854945 string characters out of 6181032
 1279251 words of memory out of 5000000
 45007 multiletter control sequences out of 15000+600000
 41615 words of font info for 73 fonts, out of 8000000 for 9000
 14 hyphenation exceptions out of 8191
 54i,12n,85p,10429b,3375s stack positions out of 5000i,500n,10000p,200000b,80000s
{/usr/share/texlive/texmf-dist/fonts/enc/dvips/base/8r.enc}</usr/share/texlive/texmf-dist/fonts/type1/public/amsfonts/cm/cmsy10.pfb></usr/share/texlive/texmf-dist/fonts/type1/public/amsfonts/cm/cmtt12.pfb></usr/share/texlive/texmf-dist/fonts/type1/urw/times/utmb8a.pfb></usr/share/texlive/texmf-dist/fonts/type1/urw/times/utmr8a.pfb></usr/share/texlive/texmf-dist/fonts/type1/urw/times/utmri8a.pfb>
Output written on "/home/demuirgos/repos/report/report/National School of Engineers/main.pdf" (82 pages, 6842612 bytes).
PDF statistics:
 902 PDF objects out of 1000 (max. 8388607)
 742 compressed objects within 8 object streams
 222 named destinations out of 1000 (max. 500000)
 688 words of extra memory for PDF output out of 10000 (max. 10000000)

